,_n_I_OFF_x,_n_I_OFF_y
0,-2.722,1.0
1,-2.72,0.9999990137345475
2,-2.718,0.9999961119015194
3,-2.716,0.9999913771919592
4,-2.714,0.999984889611491
5,-2.712,0.9999767267812342
6,-2.71,0.9999669639378029
7,-2.708,0.9999556739333066
8,-2.706,0.9999429272353498
9,-2.704,0.9999287926440815
10,-2.702,0.9999133399410132
11,-2.7,0.9998966309371004
12,-2.698,0.9998787247484553
13,-2.696,0.9998596790070952
14,-2.694,0.9998395498609416
15,-2.692,0.999818391973821
16,-2.69,0.9997962585254644
17,-2.688,0.9997732012115073
18,-2.686,0.9997492702434898
19,-2.684,0.9997245143488571
20,-2.682,0.9996989807709585
21,-2.68,0.9996727152690483
22,-2.678,0.9996457621182852
23,-2.676,0.9996181641097326
24,-2.674,0.9995899625503586
25,-2.672,0.9995611972630358
26,-2.67,0.9995319079172238
27,-2.668,0.9995021382842761
28,-2.666,0.9994719204426074
29,-2.664,0.9994412838913175
30,-2.662,0.9994102575021316
31,-2.66,0.9993788695193996
32,-2.658,0.9993471475600959
33,-2.656,0.99931511861382
34,-2.654,0.9992828090427965
35,-2.652,0.9992502445818743
36,-2.65,0.9992174503385274
37,-2.648,0.9991844507928546
38,-2.646,0.9991512697975795
39,-2.644,0.9991179305780508
40,-2.642,0.9990844557322415
41,-2.64,0.99905086723075
42,-2.638,0.9990171864167992
43,-2.636,0.9989834340062368
44,-2.634,0.9989496300875356
45,-2.632,0.998915794121793
46,-2.63,0.9988819449427313
47,-2.628,0.9988481007566976
48,-2.626,0.998814279142664
49,-2.624,0.9987804970522273
50,-2.622,0.9987467708096089
51,-2.62,0.9987131184749186
52,-2.618,0.9986795569197653
53,-2.616,0.9986460942906148
54,-2.614,0.9986127383435375
55,-2.612,0.9985794967187014
56,-2.61,0.9985463769403733
57,-2.608,0.9985133864169174
58,-2.606,0.9984805324407965
59,-2.604,0.9984478221885712
60,-2.602,0.9984152627209001
61,-2.6,0.9983828609825403
62,-2.598,0.9983506238023463
63,-2.596,0.9983185578932714
64,-2.594,0.9982866698523666
65,-2.592,0.9982549661607809
66,-2.59,0.9982234531837617
67,-2.588,0.998192137170654
68,-2.586,0.9981610242549015
69,-2.584,0.9981301204540455
70,-2.582,0.9980994316697255
71,-2.58,0.9980689636876791
72,-2.578,0.998038722177742
73,-2.576,0.9980087126938479
74,-2.574,0.9979789406740289
75,-2.572,0.9979494114404146
76,-2.57,0.9979201301992332
77,-2.568,0.9978911020408107
78,-2.566,0.9978623319395713
79,-2.564,0.9978338247540371
80,-2.562,0.9978055852268286
81,-2.56,0.9977776179846641
82,-2.558,0.9977499275383601
83,-2.556,0.99772251824703
84,-2.554,0.9976953920312032
85,-2.552,0.9976685470750549
86,-2.55,0.997641981293147
87,-2.548,0.9976156926682951
88,-2.546,0.9975896792515689
89,-2.544,0.9975639391622927
90,-2.542,0.9975384705880443
91,-2.54,0.997513271784656
92,-2.538,0.9974883410762139
93,-2.536,0.9974636768550583
94,-2.534,0.997439277581784
95,-2.532,0.9974151417852392
96,-2.53,0.9973912680625268
97,-2.528,0.9973676550790034
98,-2.526,0.9973443015682799
99,-2.524,0.9973212063322214
100,-2.522,0.9972983682409469
101,-2.52,0.9972757862328294
102,-2.518,0.9972534593144965
103,-2.516,0.9972313865608293
104,-2.514,0.9972095671149634
105,-2.512,0.9971880001882885
106,-2.51,0.9971666850604479
107,-2.508,0.9971456210793398
108,-2.506,0.9971248076611158
109,-2.504,0.997104244290182
110,-2.502,0.9970839305191985
111,-2.5,0.9970638659690795
112,-2.4979999999999998,0.9970440503289932
113,-2.496,0.9970244833563621
114,-2.4939999999999998,0.9970051648768626
115,-2.492,0.9969860947844253
116,-2.4899999999999998,0.996967273041235
117,-2.488,0.9969486996777305
118,-2.4859999999999998,0.9969303747926046
119,-2.484,0.9969122985528043
120,-2.482,0.9968944711935308
121,-2.48,0.9968768930182392
122,-2.4779999999999998,0.9968595643986389
123,-2.476,0.9968424857746933
124,-2.474,0.9968256568021423
125,-2.472,0.9968090695274555
126,-2.4699999999999998,0.9967927188105646
127,-2.468,0.9967766008960927
128,-2.466,0.996760712105147
129,-2.464,0.9967450488353199
130,-2.4619999999999997,0.996729607560688
131,-2.46,0.9967143848318122
132,-2.458,0.9966993772757384
133,-2.456,0.9966845815959968
134,-2.4539999999999997,0.9966699945726022
135,-2.452,0.9966556130620537
136,-2.45,0.9966414339973353
137,-2.448,0.9966274543879153
138,-2.4459999999999997,0.9966136713197468
139,-2.444,0.9966000819552668
140,-2.442,0.9965866835333977
141,-2.44,0.9965734733695459
142,-2.4379999999999997,0.9965604488556025
143,-2.436,0.996547607459943
144,-2.434,0.9965349467274275
145,-2.432,0.9965224642794007
146,-2.43,0.9965101578136919
147,-2.428,0.9964980251046147
148,-2.426,0.9964860640029675
149,-2.424,0.996474272436033
150,-2.422,0.9964626484075787
151,-2.42,0.9964511899978563
152,-2.418,0.9964398953636023
153,-2.416,0.9964287627380377
154,-2.414,0.996417790430868
155,-2.412,0.9964069768282832
156,-2.41,0.9963963203929578
157,-2.408,0.996385819664051
158,-2.406,0.9963754732572064
159,-2.404,0.9963652798645524
160,-2.402,0.9963552382547013
161,-2.4,0.9963453472727507
162,-2.398,0.9963356058402822
163,-2.396,0.9963260129553623
164,-2.394,0.9963165676925416
165,-2.392,0.9963072692028558
166,-2.39,0.9962981167138247
167,-2.388,0.9962891095294528
168,-2.386,0.996280247030229
169,-2.384,0.9962715286731271
170,-2.382,0.9962629539916049
171,-2.38,0.9962545225956052
172,-2.378,0.9962462341715551
173,-2.376,0.9962380884823663
174,-2.374,0.9962300853674351
175,-2.372,0.9962222244689449
176,-2.37,0.9962144967863734
177,-2.368,0.9962068962900807
178,-2.366,0.9961994207175692
179,-2.364,0.9961920678426798
180,-2.362,0.9961848354755918
181,-2.36,0.9961777214628227
182,-2.358,0.9961707236872288
183,-2.356,0.9961638400680045
184,-2.354,0.9961570685606828
185,-2.352,0.9961504071571349
186,-2.35,0.9961438538855706
187,-2.348,0.9961374068105381
188,-2.346,0.996131064032924
189,-2.344,0.9961248236899531
190,-2.342,0.996118683955189
191,-2.34,0.9961126430385334
192,-2.338,0.9961066991862265
193,-2.336,0.9961008506808471
194,-2.334,0.996095095841312
195,-2.332,0.9960894330228767
196,-2.33,0.9960838606171352
197,-2.328,0.9960783770520197
198,-2.326,0.996072980791801
199,-2.324,0.996067670337088
200,-2.322,0.9960624442248284
201,-2.32,0.996057301028308
202,-2.318,0.9960522393571513
203,-2.316,0.9960472578573208
204,-2.314,0.9960423552111181
205,-2.312,0.9960375301371823
206,-2.31,0.9960327813904917
207,-2.308,0.9960281077623626
208,-2.306,0.9960235080804498
209,-2.304,0.9960189812087467
210,-2.302,0.9960145260475848
211,-2.3,0.9960101415336341
212,-2.298,0.9960058266399031
213,-2.296,0.9960015803757388
214,-2.294,0.9959974017868265
215,-2.292,0.9959932899551898
216,-2.29,0.9959892439991908
217,-2.288,0.9959852630735301
218,-2.286,0.9959813463692466
219,-2.284,0.9959774931137179
220,-2.282,0.9959737025706593
221,-2.28,0.9959699740401254
222,-2.278,0.9959663068585086
223,-2.276,0.9959627003985401
224,-2.274,0.995959154069289
225,-2.272,0.9959556673161634
226,-2.27,0.9959522396209094
227,-2.268,0.9959488705016117
228,-2.266,0.9959455595126935
229,-2.264,0.9959423062449162
230,-2.262,0.9959391103253796
231,-2.26,0.9959359714175221
232,-2.258,0.9959328892211204
233,-2.256,0.9959298634722896
234,-2.254,0.9959268939434834
235,-2.252,0.9959239804434936
236,-2.25,0.9959211228174507
237,-2.2479999999999998,0.9959183209468233
238,-2.246,0.9959155747494188
239,-2.2439999999999998,0.9959128841793827
240,-2.242,0.9959102492271991
241,-2.24,0.9959076665141736
242,-2.238,0.9959051280507975
243,-2.2359999999999998,0.995902632874892
244,-2.234,0.995900180313031
245,-2.232,0.9958977696991305
246,-2.23,0.99589540037445
247,-2.2279999999999998,0.9958930716875917
248,-2.226,0.9958907829945006
249,-2.224,0.9958885336584652
250,-2.222,0.9958863230501162
251,-2.2199999999999998,0.9958841505474277
252,-2.218,0.9958820155357169
253,-2.216,0.9958799174076435
254,-2.214,0.9958778555632103
255,-2.2119999999999997,0.9958758294097632
256,-2.21,0.995873838361991
257,-2.208,0.9958718818419252
258,-2.206,0.9958699592789406
259,-2.2039999999999997,0.9958680701097548
260,-2.202,0.9958662137784281
261,-2.2,0.9958643897363642
262,-2.198,0.9958625974423094
263,-2.1959999999999997,0.9958608363623531
264,-2.194,0.9958591059699275
265,-2.192,0.995857405745808
266,-2.19,0.9958557351781129
267,-2.1879999999999997,0.9958540937623029
268,-2.186,0.9958524810011825
269,-2.184,0.9958508964048985
270,-2.182,0.995849339490941
271,-2.1799999999999997,0.9958478097841428
272,-2.178,0.9958463068166798
273,-2.176,0.995844830128071
274,-2.174,0.9958433792651779
275,-2.1719999999999997,0.9958419537822052
276,-2.17,0.9958405532407008
277,-2.168,0.995839177209555
278,-2.166,0.9958378252650014
279,-2.1639999999999997,0.9958364969906166
280,-2.162,0.99583519197732
281,-2.16,0.9958339098233738
282,-2.158,0.9958326501343836
283,-2.1559999999999997,0.9958314125232973
284,-2.154,0.9958301966104064
285,-2.152,0.995829002023345
286,-2.15,0.99582782839709
287,-2.1479999999999997,0.9958266753739617
288,-2.146,0.9958255426036229
289,-2.144,0.9958244297430796
290,-2.142,0.9958233364566806
291,-2.14,0.9958222624161179
292,-2.138,0.9958212073004261
293,-2.136,0.995820170795983
294,-2.134,0.9958191525965091
295,-2.132,0.9958181524030681
296,-2.13,0.9958171699240667
297,-2.128,0.995816204875254
298,-2.126,0.9958152569797228
299,-2.124,0.9958143259679084
300,-2.122,0.9958134115775891
301,-2.12,0.995812513553886
302,-2.118,0.9958116316492636
303,-2.116,0.9958107656235289
304,-2.114,0.9958099152438319
305,-2.112,0.9958090802846659
306,-2.11,0.9958082605278666
307,-2.108,0.9958074557626133
308,-2.106,0.9958066657854276
309,-2.104,0.9958058904001744
310,-2.102,0.9958051294180615
311,-2.1,0.9958043826576397
312,-2.098,0.9958036499448024
313,-2.096,0.9958029311127865
314,-2.094,0.9958022260021715
315,-2.092,0.9958015344608797
316,-2.09,0.9958008563441768
317,-2.088,0.995800191514671
318,-2.086,0.9957995398423137
319,-2.084,0.9957989012043993
320,-2.082,0.9957982754855649
321,-2.08,0.9957976625777906
322,-2.078,0.9957970623803996
323,-2.076,0.995796474800058
324,-2.074,0.9957958997507746
325,-2.072,0.9957953371539018
326,-2.07,0.9957947869381341
327,-2.068,0.9957942489988127
328,-2.066,0.9957937207773808
329,-2.064,0.9957932007190785
330,-2.062,0.9957926887403168
331,-2.06,0.9957921847578387
332,-2.058,0.9957916886887186
333,-2.056,0.9957912004503628
334,-2.054,0.9957907199605092
335,-2.052,0.9957902471372273
336,-2.05,0.9957897818989184
337,-2.048,0.9957893241643154
338,-2.046,0.9957888738524829
339,-2.044,0.9957884308828173
340,-2.042,0.9957879951750463
341,-2.04,0.9957875666492298
342,-2.038,0.9957871452257591
343,-2.036,0.9957867308253571
344,-2.034,0.9957863233690784
345,-2.032,0.9957859227783095
346,-2.03,0.9957855289747684
347,-2.028,0.9957851418805047
348,-2.026,0.9957847614179001
349,-2.024,0.9957843875096672
350,-2.022,0.9957840200788513
351,-2.02,0.9957836590488284
352,-2.018,0.9957833043433068
353,-2.016,0.9957829558863263
354,-2.0140000000000002,0.9957826136022582
355,-2.012,0.9957822774158058
356,-2.01,0.9957819472520039
357,-2.008,0.995781623036219
358,-2.0060000000000002,0.9957813046941493
359,-2.004,0.9957809921518245
360,-2.002,0.9957806853356064
361,-2.0,0.995780384172188
362,-1.998,0.9957800885885943
363,-1.996,0.9957797985121819
364,-1.994,0.995779513870639
365,-1.992,0.9957792345919856
366,-1.99,0.9957789606045732
367,-1.988,0.9957786918370851
368,-1.986,0.9957784282185363
369,-1.984,0.9957781696782737
370,-1.982,0.9957779161459752
371,-1.98,0.9957776675516511
372,-1.978,0.9957774238256429
373,-1.976,0.9957771848986242
374,-1.974,0.9957769507015998
375,-1.972,0.9957767211659065
376,-1.97,0.9957764962232128
377,-1.968,0.9957762758055188
378,-1.966,0.9957760598451559
379,-1.964,0.995775848274788
380,-1.962,0.99577564102741
381,-1.96,0.9957754380363487
382,-1.958,0.9957752392352626
383,-1.956,0.9957750445581418
384,-1.954,0.9957748539393082
385,-1.952,0.9957746673134154
386,-1.95,0.9957744846154483
387,-1.948,0.995774305780724
388,-1.946,0.9957741307448911
389,-1.944,0.9957739594439295
390,-1.942,0.9957737918141515
391,-1.94,0.9957736277922005
392,-1.938,0.9957734673150518
393,-1.936,0.9957733103200122
394,-1.934,0.9957731567447204
395,-1.932,0.995773006527147
396,-1.93,0.9957728596055935
397,-1.928,0.9957727159186938
398,-1.926,0.9957725754054132
399,-1.924,0.9957724380050488
400,-1.922,0.9957723036572291
401,-1.92,0.9957721723019147
402,-1.918,0.9957720438793976
403,-1.916,0.9957719183303013
404,-1.914,0.9957717955955815
405,-1.912,0.9957716756165251
406,-1.91,0.995771558334751
407,-1.908,0.9957714436922095
408,-1.906,0.9957713316311829
409,-1.904,0.9957712220942849
410,-1.902,0.9957711150244609
411,-1.9,0.9957710103649883
412,-1.898,0.9957709080594758
413,-1.896,0.9957708080518638
414,-1.894,0.9957707102864246
415,-1.892,0.9957706147077622
416,-1.89,0.995770521260812
417,-1.888,0.9957704298908413
418,-1.8860000000000001,0.9957703405434489
419,-1.884,0.9957702531645656
420,-1.8820000000000001,0.9957701677004536
421,-1.88,0.9957700840977067
422,-1.8780000000000001,0.9957700023032506
423,-1.876,0.9957699222643428
424,-1.874,0.995769843928572
425,-1.8719999999999999,0.9957697672438591
426,-1.87,0.9957696921584563
427,-1.8679999999999999,0.9957696186209477
428,-1.866,0.9957695465802489
429,-1.8639999999999999,0.9957694759856074
430,-1.862,0.9957694067866022
431,-1.8599999999999999,0.995769338933144
432,-1.858,0.9957692723754753
433,-1.8559999999999999,0.9957692070641703
434,-1.854,0.9957691429501344
435,-1.8519999999999999,0.9957690799846054
436,-1.85,0.9957690181191524
437,-1.8479999999999999,0.995768957305676
438,-1.846,0.995768897496409
439,-1.8439999999999999,0.9957688386439152
440,-1.842,0.9957687807131608
441,-1.8399999999999999,0.9957687261827443
442,-1.838,0.9957686767876327
443,-1.8359999999999999,0.9957686323030605
444,-1.834,0.9957685925076639
445,-1.8319999999999999,0.995768557183481
446,-1.83,0.9957685261159517
447,-1.8279999999999998,0.9957684990939174
448,-1.826,0.9957684759096217
449,-1.8239999999999998,0.9957684563587096
450,-1.822,0.9957684402402281
451,-1.8199999999999998,0.9957684273566262
452,-1.818,0.9957684175137541
453,-1.8159999999999998,0.9957684105208644
454,-1.814,0.9957684061906111
455,-1.8119999999999998,0.9957684043390501
456,-1.81,0.9957684047856392
457,-1.8079999999999998,0.9957684073532378
458,-1.806,0.9957684118681072
459,-1.8039999999999998,0.9957684181599105
460,-1.802,0.9957684260617125
461,-1.7999999999999998,0.9957684354099797
462,-1.798,0.9957684460445809
463,-1.7959999999999998,0.995768457808786
464,-1.794,0.9957684705492672
465,-1.7919999999999998,0.9957684841160981
466,-1.79,0.9957684983627545
467,-1.7879999999999998,0.9957685131461136
468,-1.786,0.9957685283264546
469,-1.7839999999999998,0.9957685437674584
470,-1.782,0.9957685593362079
471,-1.7799999999999998,0.9957685749031874
472,-1.778,0.9957685903422834
473,-1.7759999999999998,0.9957686055307838
474,-1.774,0.9957686203493787
475,-1.7719999999999998,0.9957686346821598
476,-1.77,0.9957686484166203
477,-1.7679999999999998,0.9957686614436556
478,-1.766,0.9957686736575627
479,-1.7639999999999998,0.9957686849560405
480,-1.762,0.9957686952401896
481,-1.76,0.9957687044145123
482,-1.758,0.9957687123869129
483,-1.756,0.9957687190686973
484,-1.754,0.9957687243745733
485,-1.752,0.9957687282226505
486,-1.75,0.9957687305344403
487,-1.748,0.9957687312348555
488,-1.746,0.9957687302522115
489,-1.744,0.9957687275182245
490,-1.742,0.9957687229680134
491,-1.74,0.9957687165400984
492,-1.738,0.9957687081764014
493,-1.736,0.9957686978222464
494,-1.734,0.9957686854263591
495,-1.732,0.9957686709408667
496,-1.73,0.9957686543212987
497,-1.728,0.9957686355265859
498,-1.726,0.9957686145190612
499,-1.724,0.9957685912644592
500,-1.722,0.9957685657319162
501,-1.72,0.9957685378939704
502,-1.718,0.9957685077265618
503,-1.716,0.9957684752090321
504,-1.714,0.9957684403241248
505,-1.712,0.9957684030579853
506,-1.71,0.9957683634001606
507,-1.708,0.9957683213435996
508,-1.706,0.9957682768846531
509,-1.704,0.9957682300230735
510,-1.702,0.995768180762015
511,-1.7,0.9957681291080337
512,-1.698,0.9957680750710874
513,-1.696,0.9957680186645358
514,-1.694,0.9957679599051403
515,-1.692,0.9957678988130639
516,-1.69,0.9957678354118719
517,-1.688,0.9957677697285309
518,-1.686,0.9957677017934093
519,-1.684,0.9957676316402777
520,-1.682,0.9957675593063082
521,-1.68,0.9957674848320747
522,-1.678,0.9957674082615529
523,-1.676,0.9957673296421201
524,-1.674,0.995767249024556
525,-1.672,0.9957671664630414
526,-1.67,0.9957670820151592
527,-1.668,0.9957669957418941
528,-1.666,0.9957669077076325
529,-1.664,0.9957668179801628
530,-1.662,0.9957667266306747
531,-1.66,0.9957666337337602
532,-1.658,0.9957665393674129
533,-1.656,0.9957664436130281
534,-1.654,0.9957663465554032
535,-1.652,0.9957662482827369
536,-1.65,0.99576614888663
537,-1.648,0.9957660484620849
538,-1.646,0.9957659471075063
539,-1.644,0.9957658449247001
540,-1.642,0.9957657420188741
541,-1.64,0.9957656384986381
542,-1.638,0.9957655344760036
543,-1.636,0.9957654300663838
544,-1.634,0.9957653253885937
545,-1.632,0.9957652205648504
546,-1.63,0.9957651157207722
547,-1.628,0.9957650109853796
548,-1.626,0.995764906491095
549,-1.6239999999999999,0.9957648023737421
550,-1.6219999999999999,0.9957646987725469
551,-1.6199999999999999,0.995764595830137
552,-1.6179999999999999,0.9957644936925415
553,-1.6159999999999999,0.9957643925091917
554,-1.6139999999999999,0.9957642924329206
555,-1.6119999999999999,0.9957641936199628
556,-1.6099999999999999,0.9957640962299549
557,-1.6079999999999999,0.9957640004259352
558,-1.6059999999999999,0.9957639063743435
559,-1.6039999999999999,0.9957638142450221
560,-1.6019999999999999,0.9957637242112144
561,-1.5999999999999999,0.995763636449566
562,-1.5979999999999999,0.9957635511401239
563,-1.5959999999999999,0.9957634684663375
564,-1.5939999999999999,0.9957633886150572
565,-1.5919999999999999,0.9957633117765359
566,-1.5899999999999999,0.9957632381444278
567,-1.5879999999999999,0.9957631679157891
568,-1.5859999999999999,0.9957631012910779
569,-1.5839999999999999,0.9957630384741539
570,-1.5819999999999999,0.9957629796722786
571,-1.5799999999999998,0.9957629250961153
572,-1.5779999999999998,0.9957628749597291
573,-1.5759999999999998,0.9957628294805871
574,-1.5739999999999998,0.9957627888795578
575,-1.5719999999999998,0.9957627533809118
576,-1.5699999999999998,0.9957627232123212
577,-1.568,0.9957626986048602
578,-1.566,0.9957626797930047
579,-1.564,0.9957626670146321
580,-1.562,0.9957626605110221
581,-1.56,0.9957626605268557
582,-1.558,0.995762667310216
583,-1.556,0.9957626811125878
584,-1.554,0.9957627021888575
585,-1.552,0.9957627307973138
586,-1.55,0.9957627671996465
587,-1.548,0.9957628116609477
588,-1.546,0.9957628644497112
589,-1.544,0.9957629258378323
590,-1.542,0.9957629953874307
591,-1.54,0.9957630716676726
592,-1.538,0.9957631542335543
593,-1.536,0.9957632426729011
594,-1.534,0.9957633365808534
595,-1.532,0.9957634355598671
596,-1.53,0.9957635392197136
597,-1.528,0.9957636471774796
598,-1.526,0.995763759057567
599,-1.524,0.9957638744916933
600,-1.522,0.9957639931188914
601,-1.52,0.9957641145855096
602,-1.518,0.9957642385452113
603,-1.516,0.9957643646589757
604,-1.514,0.995764492595097
605,-1.512,0.995764622029185
606,-1.51,0.9957647526441649
607,-1.508,0.9957648841302772
608,-1.506,0.9957650161850777
609,-1.504,0.9957651485134379
610,-1.502,0.9957652808275443
611,-1.5,0.9957654128468992
612,-1.498,0.9957655442983198
613,-1.496,0.9957656749159389
614,-1.494,0.995765804441205
615,-1.492,0.9957659326228815
616,-1.49,0.9957660592170473
617,-1.488,0.995766183987097
618,-1.486,0.9957663067037402
619,-1.484,0.9957664271450022
620,-1.482,0.9957665450962233
621,-1.48,0.9957666603500596
622,-1.478,0.9957667727064822
623,-1.476,0.995766881972778
624,-1.474,0.9957669879635489
625,-1.472,0.9957670905007123
626,-1.47,0.9957671894135013
627,-1.468,0.9957672845384639
628,-1.466,0.9957673757194636
629,-1.464,0.9957674628076797
630,-1.462,0.9957675456616063
631,-1.46,0.9957676241470533
632,-1.458,0.9957676981371457
633,-1.456,0.9957677675123242
634,-1.454,0.9957678321603446
635,-1.452,0.9957678919762781
636,-1.45,0.9957679468625116
637,-1.448,0.995767996728747
638,-1.446,0.9957680414920018
639,-1.444,0.9957680810766087
640,-1.442,0.9957681154142162
641,-1.44,0.9957681444437876
642,-1.438,0.995768168111602
643,-1.436,0.9957681863712537
644,-1.434,0.9957681991836527
645,-1.432,0.9957682065170238
646,-1.43,0.9957682083469077
647,-1.428,0.9957682046561603
648,-1.426,0.9957681954349529
649,-1.424,0.9957681806807721
650,-1.422,0.99576816039842
651,-1.42,0.995768134600014
652,-1.418,0.995768103304987
653,-1.416,0.9957680665400872
654,-1.414,0.9957680243393782
655,-1.412,0.9957679767442389
656,-1.41,0.9957679238033637
657,-1.408,0.9957678655727623
658,-1.406,0.99576780211576
659,-1.404,0.9957677335029971
660,-1.402,0.9957676598124297
661,-1.4,0.995767581129329
662,-1.398,0.9957674975462816
663,-1.396,0.9957674091631896
664,-1.394,0.9957673160872705
665,-1.392,0.9957672184330572
666,-1.39,0.9957671163223977
667,-1.388,0.9957670098844558
668,-1.386,0.9957668992557102
669,-1.384,0.9957667845799555
670,-1.382,0.9957666660083013
671,-1.38,0.995766543699173
672,-1.378,0.9957664178183108
673,-1.376,0.9957662885387707
674,-1.3739999999999999,0.995766156040924
675,-1.3719999999999999,0.9957660205124574
676,-1.3699999999999999,0.995765882148373
677,-1.3679999999999999,0.995765741150988
678,-1.3659999999999999,0.9957655977299356
679,-1.3639999999999999,0.9957654521021636
680,-1.3619999999999999,0.9957653044919359
681,-1.3599999999999999,0.9957651551308313
682,-1.3579999999999999,0.9957650042577443
683,-1.3559999999999999,0.9957648521188845
684,-1.3539999999999999,0.9957646989677771
685,-1.3519999999999999,0.9957645450652626
686,-1.3499999999999999,0.995764390679497
687,-1.3479999999999999,0.9957642360859513
688,-1.3459999999999999,0.9957640815674125
689,-1.3439999999999999,0.9957639274139825
690,-1.3419999999999999,0.9957637739230786
691,-1.3399999999999999,0.9957636213994339
692,-1.3379999999999999,0.9957634701550964
693,-1.3359999999999999,0.9957633205094297
694,-1.3339999999999999,0.9957631727891129
695,-1.3319999999999999,0.9957630273281403
696,-1.3299999999999998,0.9957628844678216
697,-1.3279999999999998,0.9957627445567819
698,-1.3259999999999998,0.9957626079509618
699,-1.3239999999999998,0.9957624750136171
700,-1.3219999999999998,0.9957623461153192
701,-1.3199999999999998,0.9957622216339548
702,-1.3179999999999998,0.9957621019547257
703,-1.3159999999999998,0.9957619874701495
704,-1.314,0.995761878580059
705,-1.312,0.9957617756916025
706,-1.31,0.9957616792192434
707,-1.308,0.9957615895847608
708,-1.306,0.9957615072172491
709,-1.304,0.9957614325531178
710,-1.302,0.9957613660360922
711,-1.3,0.9957613081172129
712,-1.298,0.9957612592548356
713,-1.296,0.9957612199146317
714,-1.294,0.9957611905695878
715,-1.292,0.995761171700006
716,-1.29,0.9957611637935037
717,-1.288,0.9957611673450136
718,-1.286,0.9957611828567842
719,-1.284,0.9957612108383788
720,-1.282,0.9957612518066765
721,-1.28,0.9957613062858716
722,-1.278,0.9957613748074738
723,-1.276,0.9957614579103085
724,-1.274,0.9957615515186465
725,-1.272,0.9957616505398087
726,-1.27,0.9957617546064315
727,-1.268,0.9957618633598837
728,-1.266,0.9957619764479715
729,-1.264,0.9957620935249378
730,-1.262,0.9957622142514635
731,-1.26,0.9957623382946663
732,-1.258,0.9957624653281013
733,-1.256,0.995762595031761
734,-1.254,0.995762727092075
735,-1.252,0.9957628612019103
736,-1.25,0.995762997060571
737,-1.248,0.9957631343737988
738,-1.246,0.9957632728537724
739,-1.244,0.995763412219108
740,-1.242,0.9957635521948588
741,-1.24,0.9957636925125154
742,-1.238,0.9957638329100058
743,-1.236,0.9957639731316952
744,-1.234,0.995764112928386
745,-1.232,0.995764252057318
746,-1.23,0.9957643902821681
747,-1.228,0.9957645273730509
748,-1.226,0.9957646631065176
749,-1.224,0.9957647972655573
750,-1.222,0.9957649296395961
751,-1.22,0.9957650600244973
752,-1.218,0.9957651882225617
753,-1.216,0.9957653140425272
754,-1.214,0.9957654372995691
755,-1.212,0.9957655578153001
756,-1.21,0.9957656754177696
757,-1.208,0.995765789941465
758,-1.206,0.9957659012273107
759,-1.204,0.9957660091226681
760,-1.202,0.9957661134813363
761,-1.2,0.9957662141635514
762,-1.198,0.9957663110359869
763,-1.196,0.9957664039717536
764,-1.194,0.9957664928503995
765,-1.192,0.99576657755791
766,-1.19,0.9957666579867076
767,-1.188,0.9957667340356522
768,-1.186,0.9957668056100408
769,-1.184,0.9957668726216081
770,-1.182,0.9957669349885258
771,-1.18,0.9957669926354026
772,-1.178,0.9957670454932849
773,-1.176,0.9957670934996563
774,-1.174,0.9957671365984376
775,-1.172,0.9957671747399869
776,-1.17,0.9957672078810995
777,-1.168,0.9957672359850083
778,-1.166,0.9957672590213829
779,-1.164,0.9957672769663307
780,-1.162,0.9957672898023961
781,-1.16,0.9957672975185611
782,-1.158,0.9957673001102444
783,-1.156,0.9957672975793026
784,-1.154,0.9957672899340293
785,-1.152,0.9957672771891551
786,-1.15,0.9957672593658485
787,-1.148,0.9957672364917148
788,-1.146,0.9957672086007968
789,-1.144,0.9957671757335743
790,-1.142,0.9957671379369647
791,-1.14,0.9957670952643226
792,-1.138,0.9957670477754399
793,-1.136,0.9957669955365455
794,-1.134,0.9957669386203059
795,-1.132,0.9957668771058248
796,-1.13,0.9957668110786431
797,-1.128,0.995766740630739
798,-1.126,0.9957666658605281
799,-1.1239999999999999,0.9957665868728631
800,-1.1219999999999999,0.9957665037790341
801,-1.1199999999999999,0.9957664166967685
802,-1.1179999999999999,0.9957663257502308
803,-1.1159999999999999,0.9957662310700229
804,-1.1139999999999999,0.9957661327931842
805,-1.1119999999999999,0.995766031063191
806,-1.1099999999999999,0.9957659260299568
807,-1.1079999999999999,0.995765817849833
808,-1.1059999999999999,0.9957657066856077
809,-1.1039999999999999,0.9957655927065066
810,-1.1019999999999999,0.9957654760881922
811,-1.0999999999999999,0.9957653570127651
812,-1.0979999999999999,0.9957652356687624
813,-1.0959999999999999,0.9957651122511588
814,-1.0939999999999999,0.9957649869613665
815,-1.0919999999999999,0.9957648600072344
816,-1.0899999999999999,0.9957647316030492
817,-1.0879999999999999,0.9957646019695348
818,-1.0859999999999999,0.9957644713338522
819,-1.0839999999999999,0.9957643399295996
820,-1.0819999999999999,0.9957642079968126
821,-1.0799999999999998,0.9957640757819645
822,-1.0779999999999998,0.9957639435379652
823,-1.0759999999999998,0.9957638115241622
824,-1.0739999999999998,0.9957636800063403
825,-1.0719999999999998,0.9957635492567215
826,-1.0699999999999998,0.9957634195539651
827,-1.0679999999999998,0.9957632911831676
828,-1.0659999999999998,0.995763164435863
829,-1.0639999999999998,0.9957630396100224
830,-1.0619999999999998,0.9957629170100543
831,-1.0599999999999998,0.9957627969468041
832,-1.0579999999999998,0.9957626797375552
833,-1.056,0.9957625657060275
834,-1.054,0.9957624551823787
835,-1.052,0.9957623485032037
836,-1.05,0.9957622460115343
837,-1.048,0.9957621480568402
838,-1.046,0.9957620549950278
839,-1.044,0.9957619671884411
840,-1.042,0.9957618850058614
841,-1.04,0.995761808822507
842,-1.038,0.9957617390200338
843,-1.036,0.9957616759865349
844,-1.034,0.9957616201165403
845,-1.032,0.995761571811018
846,-1.03,0.9957615314773727
847,-1.028,0.9957614995294465
848,-1.026,0.9957614763875189
849,-1.024,0.9957614624783067
850,-1.022,0.9957614582349636
851,-1.02,0.9957614640970812
852,-1.018,0.9957614805106878
853,-1.016,0.9957615079282495
854,-1.014,0.995761546808669
855,-1.012,0.9957615976172871
856,-1.01,0.9957616608258812
857,-1.008,0.9957617368557256
858,-1.006,0.9957618214436398
859,-1.004,0.9957619114575714
860,-1.002,0.9957620065552402
861,-1.0,0.9957621064001305
862,-0.998,0.9957622106614921
863,-0.996,0.9957623190143394
864,-0.994,0.9957624311394522
865,-0.992,0.9957625467233747
866,-0.99,0.9957626654584167
867,-0.988,0.9957627870426525
868,-0.986,0.9957629111799218
869,-0.984,0.9957630375798288
870,-0.982,0.9957631659577431
871,-0.98,0.9957632960347989
872,-0.978,0.9957634275378958
873,-0.976,0.9957635601996982
874,-0.974,0.9957636937586354
875,-0.972,0.9957638279589017
876,-0.97,0.9957639625504565
877,-0.968,0.995764097289024
878,-0.966,0.9957642319360936
879,-0.964,0.9957643662589195
880,-0.962,0.995764500030521
881,-0.96,0.9957646330296823
882,-0.958,0.9957647650409527
883,-0.956,0.9957648958546461
884,-0.954,0.9957650252668421
885,-0.952,0.9957651530793845
886,-0.95,0.9957652790998827
887,-0.948,0.9957654031417107
888,-0.946,0.9957655250240075
889,-0.944,0.9957656445716774
890,-0.942,0.9957657616153892
891,-0.94,0.9957658759915773
892,-0.938,0.9957659875424404
893,-0.9359999999999999,0.9957660961159427
894,-0.9339999999999999,0.9957662015658131
895,-0.9319999999999999,0.9957663037515455
896,-0.9299999999999999,0.9957664025383991
897,-0.9279999999999999,0.9957664977973976
898,-0.9259999999999999,0.99576658940533
899,-0.9239999999999999,0.9957666772447502
900,-0.9219999999999999,0.9957667612039771
901,-0.9199999999999999,0.9957668411770946
902,-0.9179999999999999,0.9957669170639514
903,-0.9159999999999999,0.9957669887701613
904,-0.9139999999999999,0.9957670562071034
905,-0.9119999999999999,0.9957671192919212
906,-0.9099999999999999,0.9957671779475236
907,-0.9079999999999999,0.9957672321025842
908,-0.9059999999999999,0.9957672816915419
909,-0.9039999999999999,0.9957673266546004
910,-0.9019999999999999,0.9957673669377283
911,-0.8999999999999999,0.9957674024926594
912,-0.8979999999999999,0.9957674332768921
913,-0.8959999999999999,0.9957674592536904
914,-0.8939999999999999,0.9957674803920826
915,-0.8919999999999999,0.9957674966668625
916,-0.8899999999999999,0.9957675080585885
917,-0.8879999999999999,0.9957675145535844
918,-0.8859999999999999,0.9957675161439385
919,-0.8839999999999999,0.9957675128275045
920,-0.8819999999999999,0.995767504607901
921,-0.8799999999999999,0.9957674914945112
922,-0.8779999999999999,0.9957674735024837
923,-0.8759999999999999,0.995767450652732
924,-0.8739999999999999,0.9957674229719344
925,-0.8719999999999999,0.9957673904925346
926,-0.8699999999999999,0.9957673532527407
927,-0.8679999999999999,0.9957673112965262
928,-0.8659999999999999,0.9957672646736294
929,-0.8639999999999999,0.9957672134395537
930,-0.8619999999999999,0.9957671576555674
931,-0.8599999999999999,0.9957670973887038
932,-0.8579999999999999,0.9957670327117613
933,-0.8559999999999999,0.995766963703303
934,-0.8539999999999999,0.9957668904476572
935,-0.8519999999999999,0.9957668130349171
936,-0.8499999999999999,0.995766731560941
937,-0.8479999999999999,0.995766646127352
938,-0.8459999999999999,0.9957665568415384
939,-0.8439999999999999,0.9957664638166531
940,-0.8419999999999999,0.9957663671716145
941,-0.8399999999999999,0.9957662670311056
942,-0.8379999999999999,0.9957661635255746
943,-0.8359999999999999,0.9957660567912344
944,-0.8339999999999999,0.9957659469700632
945,-0.8319999999999999,0.995765834209804
946,-0.8299999999999998,0.9957657186639648
947,-0.8279999999999998,0.9957656004918187
948,-0.8259999999999998,0.9957654798584036
949,-0.8239999999999998,0.9957653569345225
950,-0.8219999999999998,0.9957652318967433
951,-0.8199999999999998,0.995765104927399
952,-0.8179999999999998,0.9957649762145875
953,-0.8159999999999998,0.9957648459521716
954,-0.8139999999999998,0.9957647143397794
955,-0.8119999999999998,0.9957645815828036
956,-0.8099999999999998,0.9957644478924019
957,-0.8079999999999998,0.9957643134854974
958,-0.8059999999999998,0.9957641785847777
959,-0.8039999999999998,0.9957640434186958
960,-0.802,0.9957639082214692
961,-0.8,0.9957637732330809
962,-0.798,0.9957636386992783
963,-0.796,0.9957635048715745
964,-0.794,0.995763372007247
965,-0.792,0.9957632403693383
966,-0.79,0.9957631102266563
967,-0.788,0.9957629818537737
968,-0.786,0.9957628555310277
969,-0.784,0.9957627315445214
970,-0.782,0.9957626101861221
971,-0.78,0.9957624917534623
972,-0.778,0.9957623765499398
973,-0.776,0.995762264884717
974,-0.774,0.9957621570727213
975,-0.772,0.9957620534346453
976,-0.77,0.9957619542969464
977,-0.768,0.9957618599918471
978,-0.766,0.9957617708573349
979,-0.764,0.995761687237162
980,-0.762,0.9957616094808459
981,-0.76,0.9957615379436692
982,-0.758,0.9957614729866788
983,-0.756,0.9957614149766875
984,-0.754,0.9957613642862723
985,-0.752,0.9957613212937757
986,-0.75,0.9957612863833049
987,-0.748,0.995761259944732
988,-0.746,0.9957612423736945
989,-0.744,0.9957612340715946
990,-0.742,0.9957612354455994
991,-0.74,0.995761246908641
992,-0.738,0.9957612688794167
993,-0.736,0.9957613017823889
994,-0.734,0.9957613460477842
995,-0.732,0.9957614021115951
996,-0.73,0.9957614704155787
997,-0.728,0.9957615510395856
998,-0.726,0.9957616342040488
999,-0.724,0.995761715421385
1000,-0.722,0.9957617947371395
1001,-0.7199999999999998,0.9957618828081304
1002,-0.718,0.9957570989046307
1003,-0.7159999999999997,0.995676698322468
1004,-0.714,0.995231734811726
1005,-0.7119999999999997,0.9941772420695808
1006,-0.71,0.9923977286353795
1007,-0.7079999999999997,0.9899017679887699
1008,-0.706,0.9867768645902218
1009,-0.7039999999999997,0.9830304946767788
1010,-0.702,0.978694773761885
1011,-0.6999999999999997,0.9738051624445161
1012,-0.698,0.9683972923164417
1013,-0.6959999999999997,0.962506525963365
1014,-0.694,0.9561675723514962
1015,-0.6919999999999997,0.9494144322230458
1016,-0.69,0.9422802584187291
1017,-0.6879999999999997,0.9347973558777548
1018,-0.6859999999999999,0.9269971816378374
1019,-0.6839999999999997,0.9189103448351836
1020,-0.6819999999999999,0.9105664388442516
1021,-0.6799999999999997,0.9019528965166359
1022,-0.6779999999999999,0.8931622065863172
1023,-0.6759999999999997,0.8843504134752063
1024,-0.6739999999999999,0.8756573485234533
1025,-0.6720000000000002,0.867206629989434
1026,-0.6699999999999999,0.8591056630497553
1027,-0.6680000000000001,0.851445639799261
1028,-0.6659999999999999,0.8443015392510194
1029,-0.6640000000000001,0.8376436622159862
1030,-0.6619999999999999,0.8314166352016966
1031,-0.6600000000000001,0.825624928543655
1032,-0.6579999999999999,0.8202386246997828
1033,-0.6560000000000001,0.8151934071277528
1034,-0.6539999999999999,0.8103865987259217
1035,-0.6520000000000001,0.805617680214224
1036,-0.6499999999999999,0.8006999675749196
1037,-0.6480000000000001,0.7955307197721136
1038,-0.6459999999999999,0.7900846521375164
1039,-0.6440000000000001,0.7844128533734352
1040,-0.6419999999999999,0.7785532606138824
1041,-0.6400000000000001,0.772509642025107
1042,-0.6379999999999999,0.7663021080093632
1043,-0.6360000000000001,0.7599500659179514
1044,-0.6339999999999999,0.7534722200512086
1045,-0.6320000000000001,0.7468865716585181
1046,-0.6299999999999999,0.7402104189382993
1047,-0.6280000000000001,0.7334205635338867
1048,-0.6259999999999999,0.7264845838585031
1049,-0.6240000000000001,0.719468557456356
1050,-0.6219999999999999,0.712440018043836
1051,-0.6200000000000001,0.7054656406934214
1052,-0.6179999999999999,0.6986112418336659
1053,-0.6160000000000001,0.6919417792492106
1054,-0.6139999999999999,0.6855213520807724
1055,-0.6120000000000001,0.6794132008251554
1056,-0.6099999999999999,0.6736797073352397
1057,-0.6080000000000001,0.6683823948199922
1058,-0.6059999999999999,0.6635819278444562
1059,-0.6040000000000001,0.6593336702811864
1060,-0.6019999999999999,0.6555968096709152
1061,-0.6000000000000001,0.6522895726275721
1062,-0.5979999999999999,0.6493393248022198
1063,-0.5960000000000001,0.6466726601737999
1064,-0.5939999999999999,0.6442154010491282
1065,-0.5920000000000001,0.6418925980628997
1066,-0.5899999999999999,0.6396285301776833
1067,-0.5880000000000001,0.6373467046839272
1068,-0.5859999999999999,0.6349698571999536
1069,-0.5840000000000001,0.6324199516719636
1070,-0.5819999999999999,0.6296181803740329
1071,-0.5800000000000001,0.6265570882832264
1072,-0.5779999999999998,0.6233534581467449
1073,-0.5760000000000001,0.6200238884691246
1074,-0.5739999999999998,0.6165808909576812
1075,-0.5720000000000001,0.6130365190363531
1076,-0.5699999999999998,0.6094023678456959
1077,-0.5680000000000001,0.6056895742428886
1078,-0.5659999999999998,0.6019088168017267
1079,-0.5640000000000001,0.5980703158126293
1080,-0.5619999999999998,0.5941838332826321
1081,-0.56,0.5902573457703131
1082,-0.5579999999999998,0.5862453914118188
1083,-0.556,0.5821707311102285
1084,-0.5539999999999998,0.5780995419119747
1085,-0.552,0.574096289733941
1086,-0.5499999999999998,0.5702237293634557
1087,-0.548,0.5665429044582987
1088,-0.5459999999999998,0.5631131475466947
1089,-0.544,0.5599920800273194
1090,-0.5419999999999998,0.5572356121692937
1091,-0.54,0.5548979431121894
1092,-0.5379999999999998,0.5530077865016265
1093,-0.536,0.5515012601250273
1094,-0.5339999999999998,0.5503072584252348
1095,-0.532,0.5493545364335142
1096,-0.5299999999999998,0.5485709256980827
1097,-0.528,0.5478833342841111
1098,-0.5259999999999998,0.5472177467737217
1099,-0.524,0.5464992242659906
1100,-0.5219999999999998,0.545651904376946
1101,-0.52,0.5445990012395694
1102,-0.5179999999999998,0.543306171494605
1103,-0.516,0.541869396460519
1104,-0.5139999999999998,0.5403066109874914
1105,-0.512,0.5386277279814603
1106,-0.5099999999999998,0.5368423314456472
1107,-0.508,0.5349596764805608
1108,-0.5059999999999998,0.532988689283993
1109,-0.504,0.5309379671510235
1110,-0.5019999999999998,0.5288157784740147
1111,-0.5,0.5266300627426166
1112,-0.4979999999999998,0.5243559524831823
1113,-0.496,0.5219727033468298
1114,-0.4939999999999998,0.5195314852501594
1115,-0.492,0.5170830720402244
1116,-0.48999999999999977,0.514676825479673
1117,-0.488,0.5123606952467518
1118,-0.48599999999999977,0.5101812189353027
1119,-0.484,0.5081835220547662
1120,-0.48199999999999976,0.5064113180301781
1121,-0.48,0.5049069082021723
1122,-0.47799999999999976,0.5037111818269785
1123,-0.476,0.5028636160764244
1124,-0.47399999999999975,0.5023915853897978
1125,-0.472,0.5022293039674333
1126,-0.46999999999999975,0.502275210438944
1127,-0.46799999999999997,0.5024403988132519
1128,-0.46599999999999975,0.5026486529836081
1129,-0.46399999999999997,0.502836446727592
1130,-0.46199999999999974,0.5029529437071123
1131,-0.45999999999999996,0.5029599974684061
1132,-0.45799999999999974,0.50283215144204
1133,-0.45599999999999996,0.5025566389429085
1134,-0.45399999999999974,0.5021333831702356
1135,-0.45199999999999996,0.5015749972075741
1136,-0.44999999999999973,0.5008991484473216
1137,-0.44799999999999995,0.5001080351673803
1138,-0.44599999999999973,0.4992039013896613
1139,-0.44399999999999995,0.49819088205342477
1140,-0.4419999999999997,0.4970749612964425
1141,-0.43999999999999995,0.4958639724549995
1142,-0.4379999999999997,0.4945675980638921
1143,-0.43599999999999994,0.4931973698564299
1144,-0.4339999999999997,0.49176666876443387
1145,-0.43199999999999994,0.49029072491823833
1146,-0.4299999999999997,0.48878661764668857
1147,-0.42799999999999994,0.48729424554413275
1148,-0.4259999999999997,0.4859337002274484
1149,-0.42399999999999993,0.48481571038077576
1150,-0.4219999999999997,0.48401434222598805
1151,-0.41999999999999993,0.483567013469679
1152,-0.4179999999999997,0.48347449330316145
1153,-0.4159999999999999,0.483700902402468
1154,-0.41400000000000015,0.48417371292835076
1155,-0.4119999999999999,0.48478374852628175
1156,-0.41000000000000014,0.4854687819972752
1157,-0.4079999999999999,0.4863309122553137
1158,-0.40600000000000014,0.487280568851309
1159,-0.4039999999999999,0.48823049474002417
1160,-0.40200000000000014,0.4891107602454528
1161,-0.3999999999999999,0.4898687630608202
1162,-0.39800000000000013,0.4904692282485823
1163,-0.3959999999999999,0.4908942082404267
1164,-0.39400000000000013,0.4911430828372716
1165,-0.3919999999999999,0.4912302737599381
1166,-0.3900000000000001,0.49116245446004697
1167,-0.3879999999999999,0.49094752430876926
1168,-0.3860000000000001,0.4905948309657117
1169,-0.3839999999999999,0.49011343923872297
1170,-0.3820000000000001,0.48951213108389374
1171,-0.3799999999999999,0.48879940560555624
1172,-0.3780000000000001,0.48798347905628514
1173,-0.3759999999999999,0.48707228483689635
1174,-0.3740000000000001,0.4860734734964484
1175,-0.3719999999999999,0.48497500077128886
1176,-0.3700000000000001,0.48376718210158437
1177,-0.3679999999999999,0.4825144529800765
1178,-0.3660000000000001,0.4812794450865143
1179,-0.3639999999999999,0.4801198806300543
1180,-0.3620000000000001,0.47908857234926244
1181,-0.3599999999999999,0.47823342351211234
1182,-0.3580000000000001,0.47759742791598686
1183,-0.35599999999999987,0.4772186698876767
1184,-0.3540000000000001,0.4771303242833815
1185,-0.35199999999999987,0.47735329699491447
1186,-0.3500000000000001,0.47785207732798746
1187,-0.34799999999999986,0.4785674235197411
1188,-0.3460000000000001,0.47943840097521945
1189,-0.34399999999999986,0.4804024273788461
1190,-0.3420000000000001,0.48139527269442217
1191,-0.33999999999999986,0.48235105916512855
1192,-0.3380000000000001,0.48320226131352356
1193,-0.33599999999999985,0.48387970594154517
1194,-0.3340000000000001,0.4843128315226556
1195,-0.33199999999999985,0.484526966358078
1196,-0.33000000000000007,0.4845850019984644
1197,-0.32799999999999985,0.48449629867327954
1198,-0.32600000000000007,0.48426996537977696
1199,-0.32399999999999984,0.4839148598829987
1200,-0.32200000000000006,0.48343958871577597
1201,-0.31999999999999984,0.48285250717872835
1202,-0.31800000000000006,0.4821617193402645
1203,-0.31599999999999984,0.48137507803658147
1204,-0.31400000000000006,0.48049727215716465
1205,-0.31199999999999983,0.4794846497132126
1206,-0.31000000000000005,0.4783569625595908
1207,-0.30799999999999983,0.4771629272279409
1208,-0.30600000000000005,0.4759516211720693
1209,-0.3039999999999998,0.4747724827679452
1210,-0.30200000000000005,0.47367531131370255
1211,-0.2999999999999998,0.47271026702963825
1212,-0.29800000000000004,0.4719278710582137
1213,-0.2959999999999998,0.4713790054640536
1214,-0.29400000000000004,0.4711149132339467
1215,-0.2919999999999998,0.4711857458127037
1216,-0.29000000000000004,0.4715770555210967
1217,-0.2879999999999998,0.47222782684170106
1218,-0.28600000000000003,0.4730836055447437
1219,-0.2839999999999998,0.4740888042127023
1220,-0.28200000000000003,0.47518670224030357
1221,-0.2799999999999998,0.47631944583452535
1222,-0.278,0.47742804801459454
1223,-0.2759999999999998,0.4784523886119891
1224,-0.274,0.47933121427043596
1225,-0.2719999999999998,0.48000213844591316
1226,-0.27,0.4804113229402466
1227,-0.2679999999999998,0.4806312968232875
1228,-0.266,0.4806993757736267
1229,-0.2639999999999998,0.4806247278095842
1230,-0.262,0.4804162646377093
1231,-0.2599999999999998,0.48008264165278036
1232,-0.258,0.47963225793780523
1233,-0.2559999999999998,0.4790732562640205
1234,-0.254,0.47841352309089247
1235,-0.2519999999999998,0.4776606885661162
1236,-0.25,0.47682212652561645
1237,-0.24799999999999978,0.47588804004165564
1238,-0.246,0.4748461649794123
1239,-0.24399999999999977,0.47375965832753236
1240,-0.242,0.4726908437868678
1241,-0.23999999999999977,0.47169697531849714
1242,-0.238,0.4708302371437273
1243,-0.23599999999999977,0.4701377437440918
1244,-0.23399999999999999,0.4696615398613523
1245,-0.23199999999999976,0.4694386004974976
1246,-0.22999999999999998,0.46950083091474404
1247,-0.22799999999999976,0.4698669251690333
1248,-0.22599999999999998,0.47049944484545664
1249,-0.22399999999999975,0.4713399066052298
1250,-0.22199999999999998,0.4723279911585266
1251,-0.21999999999999975,0.4734015494811549
1252,-0.21799999999999997,0.4744966028145548
1253,-0.21599999999999975,0.47554734266580023
1254,-0.21399999999999997,0.4764861308075974
1255,-0.21199999999999974,0.47724349927828624
1256,-0.20999999999999996,0.4777520598513755
1257,-0.20799999999999974,0.47806090282234703
1258,-0.20599999999999996,0.47821565374814823
1259,-0.20399999999999974,0.4782254372190264
1260,-0.20199999999999996,0.47809913923774183
1261,-0.19999999999999973,0.47784540721956825
1262,-0.19799999999999995,0.4774726499922927
1263,-0.19599999999999973,0.4769890377962152
1264,-0.19399999999999995,0.47640250228414943
1265,-0.19199999999999973,0.47572073652142194
1266,-0.18999999999999995,0.4749422732285312
1267,-0.18799999999999972,0.4740213820699388
1268,-0.18599999999999994,0.4729870476131953
1269,-0.18399999999999972,0.4718824896572815
1270,-0.18199999999999994,0.4707497790888835
1271,-0.17999999999999972,0.4696298378823905
1272,-0.17799999999999994,0.46856243909989737
1273,-0.1759999999999997,0.46758620689120206
1274,-0.17399999999999993,0.46673861649380793
1275,-0.1719999999999997,0.4660559942329217
1276,-0.16999999999999993,0.4655735175214553
1277,-0.1679999999999997,0.46532521486002426
1278,-0.16599999999999993,0.46534396583694887
1279,-0.1639999999999997,0.4656615011282537
1280,-0.16199999999999992,0.4662846543862495
1281,-0.16000000000000014,0.4671088532510249
1282,-0.15799999999999992,0.4680223915637861
1283,-0.15600000000000014,0.4689343423661583
1284,-0.15399999999999991,0.469773883501502
1285,-0.15200000000000014,0.4704902976149118
1286,-0.1499999999999999,0.4710529721532174
1287,-0.14800000000000013,0.4714513993649828
1288,-0.1459999999999999,0.47169517630050706
1289,-0.14400000000000013,0.47181400481182334
1290,-0.1419999999999999,0.4718349307432773
1291,-0.14000000000000012,0.4717300762081444
1292,-0.1379999999999999,0.47150462302898266
1293,-0.13600000000000012,0.4711664874946549
1294,-0.1339999999999999,0.4707233270963825
1295,-0.13200000000000012,0.4701825405277461
1296,-0.1299999999999999,0.46955126768468497
1297,-0.1280000000000001,0.4688363896654978
1298,-0.1259999999999999,0.4680445287708415
1299,-0.12400000000000011,0.46718204850373285
1300,-0.12199999999999989,0.46625432198937455
1301,-0.1200000000000001,0.4653058083334908
1302,-0.11799999999999988,0.46442124154672304
1303,-0.1160000000000001,0.4636707961013799
1304,-0.11399999999999988,0.46310782122903543
1305,-0.1120000000000001,0.46276884092053067
1306,-0.10999999999999988,0.4626735539259723
1307,-0.1080000000000001,0.46282483375473377
1308,-0.10599999999999987,0.4632087286754545
1309,-0.10400000000000009,0.4638073060784044
1310,-0.10199999999999987,0.4646606670228188
1311,-0.10000000000000009,0.4657260082075955
1312,-0.09799999999999986,0.46694132169739666
1313,-0.09600000000000009,0.46824285333218646
1314,-0.09399999999999986,0.4695651027272337
1315,-0.09200000000000008,0.47084082327310905
1316,-0.08999999999999986,0.4720010221356876
1317,-0.08800000000000008,0.47297496025614677
1318,-0.08599999999999985,0.4736959443736177
1319,-0.08400000000000007,0.4742148164663172
1320,-0.08199999999999985,0.474571167959492
1321,-0.08000000000000007,0.47477433936437796
1322,-0.07799999999999985,0.47483343853954346
1323,-0.07600000000000007,0.47475734069088915
1324,-0.07399999999999984,0.47455468837164794
1325,-0.07200000000000006,0.47423389148238526
1326,-0.06999999999999984,0.47380312727099844
1327,-0.06800000000000006,0.47327032708856664
1328,-0.06599999999999984,0.4726017572575983
1329,-0.06400000000000006,0.4717907940974651
1330,-0.06199999999999983,0.4708812047438398
1331,-0.06000000000000005,0.46991670138801633
1332,-0.05799999999999983,0.4689409412769085
1333,-0.05600000000000005,0.4679975267130518
1334,-0.053999999999999826,0.4671300050546013
1335,-0.052000000000000046,0.4663818687153337
1336,-0.04999999999999982,0.46579655516464574
1337,-0.04800000000000004,0.46541744692755516
1338,-0.04599999999999982,0.46528787158470014
1339,-0.04400000000000004,0.4654511017723397
1340,-0.041999999999999815,0.46594171375251364
1341,-0.040000000000000036,0.4667156968625532
1342,-0.03799999999999981,0.46771202309198334
1343,-0.03600000000000003,0.4688747822266615
1344,-0.03399999999999981,0.4701496934695929
1345,-0.03200000000000003,0.4714841054409281
1346,-0.029999999999999805,0.4728269961779657
1347,-0.028000000000000025,0.4741289731351497
1348,-0.0259999999999998,0.4753422731840719
1349,-0.02400000000000002,0.4764207626134698
1350,-0.021999999999999797,0.47731993712922827
1351,-0.020000000000000018,0.4779969218543783
1352,-0.017999999999999794,0.4784289749548411
1353,-0.016000000000000014,0.4786910087557481
1354,-0.01399999999999979,0.47880155398512253
1355,-0.01200000000000001,0.47876742153889323
1356,-0.009999999999999787,0.47859612082150366
1357,-0.008000000000000007,0.4782958597459123
1358,-0.005999999999999783,0.47787554473359223
1359,-0.0040000000000000036,0.4773447807145314
1360,-0.0019999999999997797,0.4767138711272324
1361,0.0,0.4759938179187129
1362,0.002000000000000224,0.47519632154450486
1363,0.0040000000000000036,0.4743344372673899
1364,0.006000000000000227,0.47347565908185074
1365,0.008000000000000007,0.4727379649189862
1366,0.010000000000000231,0.47221042192768187
1367,0.01200000000000001,0.47195372786453405
1368,0.014000000000000234,0.47200021109384843
1369,0.016000000000000014,0.47235383058764097
1370,0.018000000000000238,0.4729901759256377
1371,0.020000000000000018,0.47385646729527414
1372,0.02200000000000024,0.4748715554916965
1373,0.02400000000000002,0.4759599646820241
1374,0.026000000000000245,0.4772034292631303
1375,0.028000000000000025,0.4786088831190557
1376,0.03000000000000025,0.4801666830405956
1377,0.03200000000000003,0.4818676734533633
1378,0.03400000000000025,0.4837031864177925
1379,0.03600000000000003,0.48566504162913454
1380,0.038000000000000256,0.4877455464174616
1381,0.040000000000000036,0.48993749574766315
1382,0.04200000000000026,0.4922341722194497
1383,0.04400000000000004,0.49462568491200537
1384,0.04600000000000026,0.4971032964568708
1385,0.04800000000000004,0.4996637769957084
1386,0.050000000000000266,0.5023039009781267
1387,0.052000000000000046,0.5050204339757633
1388,0.05400000000000027,0.5078101326822904
1389,0.05600000000000005,0.5106697449134086
1390,0.058000000000000274,0.5135960096068534
1391,0.06000000000000005,0.5165856568223889
1392,0.06200000000000028,0.5196354077418138
1393,0.06400000000000006,0.5227419746689556
1394,0.06600000000000028,0.5259020610296761
1395,0.06800000000000006,0.5291123613718661
1396,0.07000000000000028,0.5323695613654511
1397,0.07200000000000006,0.535670337802385
1398,0.07400000000000029,0.5390113585966564
1399,0.07600000000000007,0.5423892827842827
1400,0.07800000000000029,0.5458007605233157
1401,0.08000000000000007,0.5492424330938361
1402,0.0820000000000003,0.5527109328979593
1403,0.08400000000000007,0.556202883459829
1404,0.0860000000000003,0.5597148994256239
1405,0.08800000000000008,0.5632435865635512
1406,0.0900000000000003,0.5667855417638528
1407,0.09200000000000008,0.5703373530387992
1408,0.09399999999999986,0.5738956626175532
1409,0.09600000000000009,0.5774618851351937
1410,0.09799999999999986,0.5810375220798084
1411,0.10000000000000009,0.5846218002044945
1412,0.10199999999999987,0.5882139207936078
1413,0.10400000000000009,0.5918130596627701
1414,0.10599999999999987,0.5954183671588618
1415,0.1080000000000001,0.5990289681600289
1416,0.10999999999999988,0.6026439620756767
1417,0.1120000000000001,0.6062624228464757
1418,0.11399999999999988,0.6098833989443555
1419,0.1160000000000001,0.6135059133725111
1420,0.11799999999999988,0.6171289636653969
1421,0.1200000000000001,0.6207515218887323
1422,0.12199999999999989,0.6243725346394959
1423,0.12400000000000011,0.627990923045932
1424,0.1259999999999999,0.6316055827675436
1425,0.1280000000000001,0.6352153839950996
1426,0.1299999999999999,0.6388191714506275
1427,0.13200000000000012,0.6424157643874205
1428,0.1339999999999999,0.6460039565900308
1429,0.13600000000000012,0.6495825163742762
1430,0.1379999999999999,0.6531501865872333
1431,0.14000000000000012,0.6567056846072445
1432,0.1419999999999999,0.6602477023439108
1433,0.14400000000000013,0.6637749062380991
1434,0.1459999999999999,0.6672859372619352
1435,0.14800000000000013,0.6707795938148586
1436,0.1499999999999999,0.6742568412095659
1437,0.15200000000000014,0.6777179775597069
1438,0.15399999999999991,0.6811628314546868
1439,0.15600000000000014,0.684591216429477
1440,0.15799999999999992,0.6880029309646081
1441,0.16000000000000014,0.691397758486177
1442,0.16199999999999992,0.6947754673658401
1443,0.16400000000000015,0.6981358109208197
1444,0.16599999999999993,0.7014785274138979
1445,0.16800000000000015,0.7048033400534228
1446,0.16999999999999993,0.708109956993302
1447,0.17200000000000015,0.7113980713330091
1448,0.17399999999999993,0.7146673611175777
1449,0.17600000000000016,0.7179174893376065
1450,0.17799999999999994,0.7211481039292548
1451,0.18000000000000016,0.7243588377742474
1452,0.18199999999999994,0.7275493086998688
1453,0.18400000000000016,0.7307191194789695
1454,0.18599999999999994,0.7338678578299597
1455,0.18800000000000017,0.7369950964168154
1456,0.18999999999999995,0.7401003928490726
1457,0.19200000000000017,0.7431832896818327
1458,0.19399999999999995,0.7462433144157574
1459,0.19600000000000017,0.7492799794970739
1460,0.19799999999999995,0.7522927823175694
1461,0.20000000000000018,0.7552812052145965
1462,0.20199999999999996,0.7582447154710682
1463,0.20400000000000018,0.761182791021272
1464,0.20599999999999996,0.7640961133059131
1465,0.20800000000000018,0.7669852319264411
1466,0.20999999999999996,0.7698501720795806
1467,0.2120000000000002,0.7726909545265103
1468,0.21399999999999997,0.775507595592858
1469,0.2160000000000002,0.7783001071687055
1470,0.21799999999999997,0.7810684967085838
1471,0.2200000000000002,0.783812767231478
1472,0.22199999999999998,0.7865329173208223
1473,0.2240000000000002,0.789228941124505
1474,0.22599999999999998,0.7919008283548635
1475,0.2280000000000002,0.7945485642886894
1476,0.22999999999999998,0.7971721297672232
1477,0.2320000000000002,0.7997715011961595
1478,0.23399999999999999,0.8023466505456424
1479,0.2360000000000002,0.8048975453502696
1480,0.238,0.8074241487090883
1481,0.2400000000000002,0.8099264192855995
1482,0.242,0.8124043113077535
1483,0.24400000000000022,0.8148577745679546
1484,0.246,0.8172867544230563
1485,0.24800000000000022,0.8196911917943661
1486,0.25,0.8220710231676407
1487,0.2520000000000002,0.8244261805930908
1488,0.254,0.8267565916853763
1489,0.2560000000000002,0.8290621796236112
1490,0.258,0.8313429393188286
1491,0.26000000000000023,0.8335990770552371
1492,0.262,0.8358307987477385
1493,0.26400000000000023,0.8380383040617034
1494,0.266,0.8402217870128476
1495,0.26800000000000024,0.8423814359672357
1496,0.27,0.8445174336412774
1497,0.27200000000000024,0.8466299571017317
1498,0.274,0.8487191777657023
1499,0.27600000000000025,0.8507852614006421
1500,0.278,0.8528283681243493
1501,0.28000000000000025,0.8548486524049704
1502,0.28200000000000003,0.8568462630609979
1503,0.28400000000000025,0.8588213432612727
1504,0.28600000000000003,0.8607740305249809
1505,0.28800000000000026,0.8627044567216577
1506,0.29000000000000004,0.8646127480711835
1507,0.29200000000000026,0.8664990251437873
1508,0.29400000000000004,0.8683634028600435
1509,0.29600000000000026,0.8702059904908757
1510,0.29800000000000004,0.872026891657552
1511,0.30000000000000027,0.87382620433169
1512,0.30200000000000005,0.8756040208352524
1513,0.30400000000000027,0.8773604278405502
1514,0.30600000000000005,0.8790955063702407
1515,0.3080000000000003,0.880809331797329
1516,0.31000000000000005,0.8825019738451662
1517,0.3120000000000003,0.8841734965874517
1518,0.31400000000000006,0.8858239584482306
1519,0.3160000000000003,0.8874534122018964
1520,0.31800000000000006,0.8890619049731884
1521,0.3200000000000003,0.8906494847948695
1522,0.32200000000000006,0.8922164499485918
1523,0.3240000000000003,0.8937631289685292
1524,0.32600000000000007,0.8952897689115088
1525,0.3280000000000003,0.8967966119934386
1526,0.33000000000000007,0.898283895589305
1527,0.3320000000000003,0.8997518522331752
1528,0.3340000000000001,0.9012007096181947
1529,0.3360000000000003,0.9026306905965897
1530,0.3380000000000001,0.904042013179665
1531,0.3400000000000003,0.905434890537806
1532,0.3420000000000001,0.9068095310004766
1533,0.3440000000000003,0.9081661380562214
1534,0.3460000000000001,0.9095049103526632
1535,0.3480000000000003,0.9108260416965059
1536,0.3500000000000001,0.9121297210535317
1537,0.35199999999999987,0.9134161325486032
1538,0.3540000000000001,0.9146854554656625
1539,0.35599999999999987,0.9159378642477305
1540,0.3580000000000001,0.9171735284969089
1541,0.3599999999999999,0.9183926129743776
1542,0.3620000000000001,0.9195952776003975
1543,0.3639999999999999,0.9207816774543077
1544,0.3660000000000001,0.9219519627745283
1545,0.3679999999999999,0.9231062789585573
1546,0.3700000000000001,0.9242447665629742
1547,0.3719999999999999,0.9253675613034362
1548,0.3740000000000001,0.9264747940546817
1549,0.3759999999999999,0.9275665908505273
1550,0.3780000000000001,0.9286430728838704
1551,0.3799999999999999,0.9297043565066867
1552,0.3820000000000001,0.9307505532300329
1553,0.3839999999999999,0.9317817697240438
1554,0.3860000000000001,0.9327981078179352
1555,0.3879999999999999,0.9337996645000012
1556,0.3900000000000001,0.9347865319176165
1557,0.3919999999999999,0.9357587973772347
1558,0.39400000000000013,0.9367165740457885
1559,0.3959999999999999,0.9376602823677764
1560,0.39800000000000013,0.9385901880483307
1561,0.3999999999999999,0.9395064837065038
1562,0.40200000000000014,0.940409358959197
1563,0.4039999999999999,0.9412990004211592
1564,0.40600000000000014,0.9421755917049883
1565,0.4079999999999999,0.9430393134211297
1566,0.41000000000000014,0.9438903431778777
1567,0.4119999999999999,0.9447288555813742
1568,0.41400000000000015,0.9455550222356102
1569,0.4159999999999999,0.9463690117424238
1570,0.41800000000000015,0.9471709897015026
1571,0.41999999999999993,0.9479611187103814
1572,0.42200000000000015,0.9487395583644439
1573,0.42399999999999993,0.9495064652569217
1574,0.42600000000000016,0.950261992978895
1575,0.42799999999999994,0.9510062921192917
1576,0.43000000000000016,0.9517395102648885
1577,0.43199999999999994,0.9524617920003099
1578,0.43400000000000016,0.953173278908029
1579,0.43599999999999994,0.953874109568367
1580,0.43800000000000017,0.9545644195594936
1581,0.43999999999999995,0.9552443414574259
1582,0.44200000000000017,0.9559140048360304
1583,0.44399999999999995,0.9565735362670209
1584,0.4460000000000002,0.9572230593199601
1585,0.44799999999999995,0.9578626945622586
1586,0.4500000000000002,0.9584925595591753
1587,0.45199999999999996,0.9591127688738174
1588,0.4540000000000002,0.9597234340671403
1589,0.45599999999999996,0.9603246636979477
1590,0.4580000000000002,0.9609165633228917
1591,0.45999999999999996,0.961499235496472
1592,0.4620000000000002,0.9620727797710374
1593,0.46399999999999997,0.9626372926967843
1594,0.4660000000000002,0.9631928678217581
1595,0.46799999999999997,0.9637395956918512
1596,0.4700000000000002,0.9642775638508057
1597,0.472,0.9648068568402106
1598,0.4740000000000002,0.9653276434041467
1599,0.476,0.9658401788291735
1600,0.4780000000000002,0.9663445884499194
1601,0.48,0.9668409935220008
1602,0.4820000000000002,0.9673295136689158
1603,0.484,0.9678102668820436
1604,0.4860000000000002,0.9682833695206452
1605,0.488,0.9687489363118628
1606,0.4900000000000002,0.9692070803507201
1607,0.492,0.9696579131001225
1608,0.4940000000000002,0.9701015443908567
1609,0.496,0.9705380824215907
1610,0.4980000000000002,0.9709676337588743
1611,0.5,0.9713903033371384
1612,0.5020000000000002,0.9718061944586958
1613,0.504,0.9722154087937401
1614,0.5060000000000002,0.9726180463803471
1615,0.508,0.9730142056244736
1616,0.5100000000000002,0.9734039832999581
1617,0.512,0.9737874745485202
1618,0.5140000000000002,0.9741647728797616
1619,0.516,0.9745359701711646
1620,0.5180000000000002,0.9749011566680937
1621,0.52,0.9752604209837946
1622,0.5220000000000002,0.9756138500993944
1623,0.524,0.9759615293639017
1624,0.5260000000000002,0.9763035424942066
1625,0.528,0.9766399715750805
1626,0.5300000000000002,0.9769708970591767
1627,0.532,0.9772963977670294
1628,0.5340000000000003,0.9776165508870546
1629,0.536,0.9779314319755495
1630,0.5380000000000003,0.9782411149566934
1631,0.54,0.9785456721225461
1632,0.5420000000000003,0.9788451741330496
1633,0.544,0.9791396900160272
1634,0.5460000000000003,0.9794292871671834
1635,0.548,0.9797140313501044
1636,0.5500000000000003,0.9799939866962579
1637,0.552,0.9802692157049928
1638,0.5540000000000003,0.9805397792885404
1639,0.556,0.9808057865650864
1640,0.5580000000000003,0.9810673476736385
1641,0.56,0.9813245315077423
1642,0.5620000000000003,0.9815774061293125
1643,0.5640000000000001,0.9818260387686321
1644,0.5660000000000003,0.9820704958243524
1645,0.5680000000000001,0.9823108428634935
1646,0.5700000000000003,0.9825471446214437
1647,0.5720000000000001,0.98277946500196
1648,0.5740000000000003,0.9830078670771679
1649,0.5760000000000001,0.9832324130875614
1650,0.5780000000000003,0.9834531644420027
1651,0.5800000000000001,0.9836701817177229
1652,0.5820000000000003,0.9838835246603214
1653,0.5840000000000001,0.984093252183766
1654,0.5860000000000003,0.9842994223703931
1655,0.5880000000000001,0.9845020924709077
1656,0.5900000000000003,0.9847013189043831
1657,0.5920000000000001,0.9848971572582612
1658,0.5940000000000003,0.9850896622883524
1659,0.5960000000000001,0.9852788879188354
1660,0.5980000000000003,0.9854648872422579
1661,0.6000000000000001,0.9856477125195354
1662,0.6020000000000003,0.9858274151799525
1663,0.6040000000000001,0.9860040458211619
1664,0.6060000000000003,0.9861776542091849
1665,0.6080000000000001,0.9863482892784113
1666,0.6099999999999999,0.9865159991315996
1667,0.6120000000000001,0.9866808310398765
1668,0.6139999999999999,0.9868428314427372
1669,0.6160000000000001,0.9870020459480456
1670,0.6179999999999999,0.9871585193320341
1671,0.6200000000000001,0.9873122955393033
1672,0.6219999999999999,0.9874634176828226
1673,0.6240000000000001,0.9876119280439297
1674,0.6259999999999999,0.9877578680723309
1675,0.6280000000000001,0.9879012783861009
1676,0.6299999999999999,0.9880421987716829
1677,0.6320000000000001,0.9881806681838888
1678,0.6339999999999999,0.9883167247458987
1679,0.6360000000000001,0.9884504057492615
1680,0.6379999999999999,0.9885817476538942
1681,0.6400000000000001,0.9887107869104108
1682,0.6419999999999999,0.9888375825179719
1683,0.6440000000000001,0.9889621804240584
1684,0.6459999999999999,0.9890846151525093
1685,0.6480000000000001,0.9892049208510383
1686,0.6499999999999999,0.989323131291233
1687,0.6520000000000001,0.9894392798685556
1688,0.6539999999999999,0.9895533996023429
1689,0.6560000000000001,0.9896655231358058
1690,0.6579999999999999,0.9897756827360298
1691,0.6600000000000001,0.9898839102939745
1692,0.6619999999999999,0.9899902373244741
1693,0.6640000000000001,0.9900946949662373
1694,0.6659999999999999,0.9901973139818468
1695,0.6680000000000001,0.9902981247577601
1696,0.6699999999999999,0.9903971573043088
1697,0.6720000000000002,0.9904944412556989
1698,0.6739999999999999,0.9905900058700109
1699,0.6760000000000002,0.9906838800291998
1700,0.6779999999999999,0.9907760922390947
1701,0.6800000000000002,0.9908666706293993
1702,0.6819999999999999,0.9909556429536914
1703,0.6840000000000002,0.9910430365894236
1704,0.6859999999999999,0.9911288785379225
1705,0.6880000000000002,0.9912131954243895
1706,0.69,0.9912960134979
1707,0.6920000000000002,0.9913773586314037
1708,0.694,0.9914572563217253
1709,0.6960000000000002,0.9915357316895633
1710,0.698,0.9916128094794908
1711,0.7000000000000002,0.9916885140599552
1712,0.702,0.9917628694232784
1713,0.7040000000000002,0.9918358991856566
1714,0.706,0.9919076265871606
1715,0.7080000000000002,0.9919780744917351
1716,0.71,0.9920472653871997
1717,0.7120000000000002,0.9921152213852481
1718,0.714,0.9921819642214484
1719,0.7160000000000002,0.9922475152552432
1720,0.718,0.9923118954699495
1721,0.7200000000000002,0.9923751254727585
1722,0.722,0.9924372254947359
1723,0.7240000000000002,0.9924982153908218
1724,0.726,0.9925581146398307
1725,0.7280000000000002,0.9926169423444513
1726,0.73,0.992674717231247
1727,0.7320000000000002,0.9927314576506554
1728,0.734,0.9927871834246955
1729,0.7360000000000002,0.99284192250447
1730,0.738,0.9928956918806453
1731,0.7400000000000002,0.9929485064088517
1732,0.742,0.9930003808103589
1733,0.7440000000000002,0.9930513296720767
1734,0.746,0.9931013674465541
1735,0.7480000000000002,0.9931505084519803
1736,0.75,0.9931987668721838
1737,0.7520000000000002,0.9932461567566332
1738,0.754,0.9932926920204362
1739,0.7560000000000002,0.993338386444341
1740,0.758,0.9933832536747347
1741,0.7600000000000002,0.9934273072236447
1742,0.762,0.9934705604687376
1743,0.7640000000000002,0.9935130266533202
1744,0.766,0.9935547188863387
1745,0.7680000000000002,0.9935956501423789
1746,0.77,0.9936358332616667
1747,0.7720000000000002,0.9936752809500673
1748,0.774,0.9937140057790858
1749,0.7760000000000002,0.9937520201858668
1750,0.778,0.993789336473195
1751,0.7800000000000002,0.9938259668094943
1752,0.782,0.9938619232288287
1753,0.7840000000000003,0.9938972176309018
1754,0.786,0.9939318617810566
1755,0.7880000000000003,0.9939658673102763
1756,0.79,0.9939992457151833
1757,0.7920000000000003,0.9940320083580401
1758,0.794,0.9940641664667486
1759,0.7960000000000003,0.9940957311348507
1760,0.798,0.9941267133215277
1761,0.8000000000000003,0.9941571238516008
1762,0.802,0.9941869734155309
1763,0.8040000000000003,0.9942162725694184
1764,0.806,0.9942450317350034
1765,0.8080000000000003,0.9942732611996662
1766,0.81,0.9943009711164261
1767,0.8120000000000003,0.9943281715039426
1768,0.8140000000000001,0.9943548722465145
1769,0.8160000000000003,0.9943810830940809
1770,0.8180000000000001,0.9944068136622198
1771,0.8200000000000003,0.9944320734321496
1772,0.8220000000000001,0.9944568717507279
1773,0.8240000000000003,0.9944812178304525
1774,0.8260000000000001,0.9945051207494604
1775,0.8280000000000003,0.9945285894515286
1776,0.8300000000000001,0.9945516327460735
1777,0.8320000000000003,0.9945742593081516
1778,0.8340000000000001,0.9945964776784589
1779,0.8360000000000003,0.9946182962633311
1780,0.8380000000000001,0.9946397233347436
1781,0.8400000000000003,0.9946607672658102
1782,0.8420000000000001,0.9946814375942855
1783,0.8440000000000003,0.9947017403049985
1784,0.8460000000000001,0.9947216805453603
1785,0.8480000000000003,0.9947412634327978
1786,0.8500000000000001,0.9947604940547533
1787,0.8520000000000003,0.9947793774686844
1788,0.8540000000000001,0.9947979187020646
1789,0.8560000000000003,0.9948161227523824
1790,0.8580000000000001,0.9948339945871421
1791,0.8600000000000003,0.9948515391438634
1792,0.8620000000000001,0.9948687613300814
1793,0.8639999999999999,0.9948856660233469
1794,0.8660000000000001,0.994902258071226
1795,0.8679999999999999,0.9949185422913004
1796,0.8700000000000001,0.9949345234711672
1797,0.8719999999999999,0.9949502063684389
1798,0.8740000000000001,0.9949655957107437
1799,0.8759999999999999,0.9949806961957252
1800,0.8780000000000001,0.9949955124910425
1801,0.8799999999999999,0.99501004923437
1802,0.8820000000000001,0.9950243110333978
1803,0.8839999999999999,0.9950383024658316
1804,0.8860000000000001,0.9950520280793922
1805,0.8879999999999999,0.9950654923918161
1806,0.8900000000000001,0.9950786998908555
1807,0.8919999999999999,0.9950916550342777
1808,0.8940000000000001,0.9951043622498656
1809,0.8959999999999999,0.9951168259354178
1810,0.8980000000000001,0.9951290504587482
1811,0.8999999999999999,0.9951410401576861
1812,0.9020000000000001,0.9951527993400765
1813,0.9039999999999999,0.9951643322837798
1814,0.9060000000000001,0.9951756432366717
1815,0.9079999999999999,0.9951867364166438
1816,0.9100000000000001,0.9951976160116027
1817,0.9119999999999999,0.9952082861794709
1818,0.9140000000000001,0.9952187510481861
1819,0.9159999999999999,0.9952290147157018
1820,0.9180000000000001,0.9952390812499865
1821,0.9199999999999999,0.9952489546890246
1822,0.9220000000000002,0.995258639040816
1823,0.9239999999999999,0.9952681382833757
1824,0.9260000000000002,0.9952774563647345
1825,0.9279999999999999,0.9952865972029388
1826,0.9300000000000002,0.99529556468605
1827,0.9319999999999999,0.9953043626721454
1828,0.9340000000000002,0.9953129949893178
1829,0.9359999999999999,0.9953214654356751
1830,0.9380000000000002,0.9953297777793412
1831,0.94,0.9953379357584551
1832,0.9420000000000002,0.9953459430811714
1833,0.944,0.9953538034256602
1834,0.9460000000000002,0.9953615204401072
1835,0.948,0.9953690977427132
1836,0.9500000000000002,0.9953765389216951
1837,0.952,0.9953838475352846
1838,0.9540000000000002,0.9953910271117296
1839,0.956,0.9953980811492927
1840,0.9580000000000002,0.9954050131162527
1841,0.96,0.9954118264509034
1842,0.9620000000000002,0.9954185244062324
1843,0.964,0.9954251068629664
1844,0.9660000000000002,0.9954315742173024
1845,0.968,0.9954379278113332
1846,0.9700000000000002,0.995444168986888
1847,0.972,0.9954502990855327
1848,0.9740000000000002,0.9954563194485698
1849,0.976,0.9954622314170386
1850,0.9780000000000002,0.9954680363317147
1851,0.98,0.9954737355331102
1852,0.9820000000000002,0.9954793303614743
1853,0.984,0.9954848221567925
1854,0.9860000000000002,0.9954902122587868
1855,0.988,0.9954955020069159
1856,0.9900000000000002,0.9955006927403753
1857,0.992,0.9955057857980968
1858,0.9940000000000002,0.9955107825187489
1859,0.996,0.9955156842407368
1860,0.9980000000000002,0.9955204923022022
1861,1.0,0.9955252080410234
1862,1.0020000000000002,0.9955298327948153
1863,1.004,0.9955343679009295
1864,1.0060000000000002,0.9955388146964541
1865,1.008,0.9955431745182138
1866,1.0100000000000002,0.99554744870277
1867,1.012,0.9955516385864207
1868,1.0140000000000002,0.9955557455052002
1869,1.016,0.9955597707948798
1870,1.0180000000000002,0.9955637157909673
1871,1.02,0.9955675818287067
1872,1.0220000000000002,0.9955713702430794
1873,1.024,0.9955750823688027
1874,1.0260000000000002,0.9955787195403306
1875,1.028,0.9955822830918541
1876,1.0300000000000002,0.9955857743573004
1877,1.032,0.9955891946703336
1878,1.0340000000000003,0.995592545364354
1879,1.036,0.9955958277724989
1880,1.0380000000000003,0.995599043227642
1881,1.04,0.9956021930623937
1882,1.0420000000000003,0.995605278609101
1883,1.044,0.9956083011998472
1884,1.0460000000000003,0.9956112621664527
1885,1.048,0.9956141628404741
1886,1.0500000000000003,0.9956170045532049
1887,1.052,0.9956197886356749
1888,1.0540000000000003,0.9956225164186508
1889,1.056,0.9956251892326357
1890,1.0580000000000003,0.9956278084078692
1891,1.06,0.9956303752743279
1892,1.0620000000000003,0.9956328911617246
1893,1.064,0.9956353573995089
1894,1.0660000000000003,0.995637775316867
1895,1.068,0.9956401462427217
1896,1.0700000000000003,0.9956424715057322
1897,1.072,0.9956447524342946
1898,1.0740000000000003,0.9956469903565414
1899,1.076,0.9956491866003417
1900,1.0780000000000003,0.9956513424933016
1901,1.08,0.9956534593627631
1902,1.0820000000000003,0.9956555385358052
1903,1.084,0.9956575813392436
1904,1.0860000000000003,0.9956595890996305
1905,1.088,0.9956615631432545
1906,1.0900000000000003,0.9956635047961412
1907,1.092,0.9956654153840524
1908,1.0940000000000003,0.9956672962324866
1909,1.096,0.9956691486666793
1910,1.0980000000000003,0.995670974011602
1911,1.1,0.9956727735919632
1912,1.1020000000000003,0.9956745465533364
1913,1.104,0.9956762911273211
1914,1.1060000000000003,0.9956780074672876
1915,1.108,0.9956796957318259
1916,1.1100000000000003,0.9956813560842084
1917,1.112,0.9956829886923901
1918,1.1140000000000003,0.9956845937290085
1919,1.116,0.9956861713713833
1920,1.1179999999999999,0.9956877218015164
1921,1.12,0.9956892452060927
1922,1.1219999999999999,0.9956907417764791
1923,1.124,0.9956922117087248
1924,1.126,0.9956936552035618
1925,1.1280000000000001,0.9956950724664042
1926,1.13,0.9956964637073485
1927,1.1320000000000001,0.9956978291411741
1928,1.134,0.995699168987342
1929,1.1360000000000001,0.9957004834699963
1930,1.138,0.9957017728179631
1931,1.1400000000000001,0.9957030372647512
1932,1.142,0.9957042770485516
1933,1.1440000000000001,0.9957054924122376
1934,1.146,0.9957066836033652
1935,1.1480000000000001,0.9957078508741728
1936,1.15,0.995708994481581
1937,1.1520000000000001,0.9957101146871928
1938,1.154,0.9957112117572939
1939,1.1560000000000001,0.9957122859628521
1940,1.158,0.9957133375795176
1941,1.1600000000000001,0.9957143668876235
1942,1.162,0.9957153741721846
1943,1.1640000000000001,0.9957163597228985
1944,1.166,0.9957173238341454
1945,1.1680000000000001,0.9957182668049874
1946,1.17,0.9957191889391693
1947,1.1720000000000002,0.9957200905451185
1948,1.174,0.9957209719359443
1949,1.1760000000000002,0.995721833429439
1950,1.178,0.9957226753480768
1951,1.1800000000000002,0.9957234980190145
1952,1.182,0.9957243017740914
1953,1.1840000000000002,0.9957250869498293
1954,1.186,0.995725853887432
1955,1.1880000000000002,0.9957266029327859
1956,1.19,0.99572733443646
1957,1.1920000000000002,0.9957280487537057
1958,1.194,0.9957287462444564
1959,1.1960000000000002,0.9957294272733282
1960,1.198,0.9957300922096199
1961,1.2000000000000002,0.9957307414273121
1962,1.202,0.9957313753050683
1963,1.2040000000000002,0.9957319942262339
1964,1.206,0.9957325985788374
1965,1.2080000000000002,0.9957331887555891
1966,1.21,0.9957337651538821
1967,1.2120000000000002,0.9957343281757917
1968,1.214,0.9957348782280755
1969,1.2160000000000002,0.9957354157221737
1970,1.218,0.9957359410742092
1971,1.2200000000000002,0.9957364547049866
1972,1.222,0.9957369570399934
1973,1.2240000000000002,0.9957374485093995
1974,1.226,0.995737929548057
1975,1.2280000000000002,0.9957384005955006
1976,1.23,0.9957388620959472
1977,1.2320000000000002,0.9957393144982963
1978,1.234,0.9957397582561298
1979,1.2360000000000002,0.995740193827712
1980,1.238,0.9957406216759892
1981,1.2400000000000002,0.995741042268591
1982,1.242,0.9957414560778284
1983,1.2440000000000002,0.9957418635806954
1984,1.246,0.9957422652588684
1985,1.2480000000000002,0.9957426615987062
1986,1.25,0.9957430530912497
1987,1.2520000000000002,0.9957434402322224
1988,1.254,0.9957438235220304
1989,1.2560000000000002,0.9957442034657619
1990,1.258,0.9957445805731876
1991,1.2600000000000002,0.9957449553587607
1992,1.262,0.9957453283416169
1993,1.2640000000000002,0.995745700045574
1994,1.266,0.9957460709957208
1995,1.2680000000000002,0.9957464391768086
1996,1.27,0.9957468025365891
1997,1.2720000000000002,0.9957471610395082
1998,1.274,0.9957475146522414
1999,1.2760000000000002,0.9957478633436938
2000,1.278,0.9957482070849999
2001,1.2799999999999998,0.9957485458495238
2002,1.2820000000000005,0.9957488796128591
2003,1.2840000000000003,0.9957492083528289
2004,1.286,0.9957495320494858
2005,1.2879999999999998,0.9957498506851121
2006,1.2900000000000005,0.9957501642442196
2007,1.2920000000000003,0.9957504727135493
2008,1.294,0.9957507760820721
2009,1.2959999999999998,0.9957510743409882
2010,1.2980000000000005,0.9957513674837274
2011,1.3000000000000003,0.9957516555059491
2012,1.302,0.9957519384055421
2013,1.3039999999999998,0.9957522161826249
2014,1.3060000000000005,0.9957524888395453
2015,1.3080000000000003,0.9957527563808806
2016,1.31,0.9957530188134379
2017,1.3119999999999998,0.9957532761462538
2018,1.3140000000000005,0.9957535283905941
2019,1.3160000000000003,0.9957537755599544
2020,1.318,0.9957540176700597
2021,1.3199999999999998,0.9957542547388646
2022,1.3220000000000005,0.9957544867865533
2023,1.3240000000000003,0.9957547138355394
2024,1.326,0.9957549359104659
2025,1.3279999999999998,0.9957551530382056
2026,1.3300000000000005,0.9957553652478607
2027,1.3320000000000003,0.995755572570763
2028,1.334,0.9957557750404735
2029,1.3359999999999999,0.9957559726927833
2030,1.3380000000000005,0.9957561655657123
2031,1.3400000000000003,0.9957563536995108
2032,1.342,0.9957565371366578
2033,1.3439999999999999,0.9957567159218623
2034,1.3460000000000005,0.9957568901020627
2035,1.3480000000000003,0.9957570597264268
2036,1.35,0.9957572248463523
2037,1.3519999999999999,0.995757385515466
2038,1.3540000000000005,0.9957575417896244
2039,1.3560000000000003,0.9957576937269136
2040,1.358,0.995757841387649
2041,1.3599999999999999,0.9957579848343758
2042,1.3620000000000005,0.9957581241318687
2043,1.3640000000000003,0.9957582593471316
2044,1.366,0.9957583905493983
2045,1.3679999999999999,0.9957585178101318
2046,1.3700000000000006,0.995758641203025
2047,1.3720000000000003,0.995758760804
2048,1.374,0.9957588766912087
2049,1.376,0.9957589889450321
2050,1.3779999999999997,0.9957590976480812
2051,1.3800000000000003,0.9957592028851963
2052,1.3820000000000001,0.9957593047434472
2053,1.384,0.9957594033121333
2054,1.3859999999999997,0.9957594986827835
2055,1.3880000000000003,0.9957595909491561
2056,1.3900000000000001,0.9957596802072393
2057,1.392,0.9957597665552503
2058,1.3939999999999997,0.9957598500936362
2059,1.3960000000000004,0.9957599309250736
2060,1.3980000000000001,0.9957600091544685
2061,1.4,0.9957600848889564
2062,1.4019999999999997,0.9957601582379024
2063,1.4040000000000004,0.9957602293129013
2064,1.4060000000000001,0.995760298227777
2065,1.408,0.9957603650985832
2066,1.4099999999999997,0.9957604300436033
2067,1.4120000000000004,0.9957604931833498
2068,1.4140000000000001,0.9957605546405651
2069,1.416,0.9957606145402208
2070,1.4179999999999997,0.9957606730095183
2071,1.4200000000000004,0.9957607301778885
2072,1.4220000000000002,0.9957607861769915
2073,1.424,0.9957608411407174
2074,1.4259999999999997,0.9957608952051855
2075,1.4280000000000004,0.9957609485087446
2076,1.4300000000000002,0.9957610011919734
2077,1.432,0.9957610533976797
2078,1.4339999999999997,0.995761105270901
2079,1.4360000000000004,0.9957611569589043
2080,1.4380000000000002,0.9957612086111862
2081,1.44,0.9957612603794727
2082,1.4419999999999997,0.9957613124177195
2083,1.4440000000000004,0.9957613648821115
2084,1.4460000000000002,0.9957614179310635
2085,1.448,0.9957614717252198
2086,1.4499999999999997,0.9957615264274539
2087,1.4520000000000004,0.9957615822028689
2088,1.4540000000000002,0.9957616392187978
2089,1.456,0.9957616976448027
2090,1.4579999999999997,0.9957617576526754
2091,1.4600000000000004,0.9957618194164373
2092,1.4620000000000002,0.9957618825059816
2093,1.464,0.9957619453234542
2094,1.4659999999999997,0.995762007746234
2095,1.4680000000000004,0.9957620697467368
2096,1.4700000000000002,0.9957621312980711
2097,1.472,0.9957621923740383
2098,1.4739999999999998,0.9957622529491322
2099,1.4760000000000004,0.9957623129985393
2100,1.4780000000000002,0.9957623724981389
2101,1.48,0.9957624314245029
2102,1.4819999999999998,0.9957624897548959
2103,1.4840000000000004,0.9957625474672752
2104,1.4860000000000002,0.9957626045402906
2105,1.488,0.995762660953285
2106,1.4899999999999998,0.9957627166862935
2107,1.4920000000000004,0.9957627717200439
2108,1.4940000000000002,0.9957628260359571
2109,1.496,0.9957628796161464
2110,1.4979999999999998,0.9957629324434177
2111,1.5000000000000004,0.9957629845012698
2112,1.5020000000000002,0.9957630357738938
2113,1.504,0.9957630862461738
2114,1.5059999999999998,0.9957631359036867
2115,1.5080000000000005,0.9957631847327016
2116,1.5100000000000002,0.9957632327201807
2117,1.512,0.9957632798537787
2118,1.5139999999999998,0.9957633261218429
2119,1.5160000000000005,0.9957633715134134
2120,1.5180000000000002,0.995763416018223
2121,1.52,0.9957634596266971
2122,1.5219999999999998,0.9957635023299537
2123,1.5240000000000005,0.9957635441198037
2124,1.5260000000000002,0.9957635849887505
2125,1.528,0.9957636249299902
2126,1.5299999999999998,0.9957636639374114
2127,1.5320000000000005,0.9957637020055958
2128,1.5340000000000003,0.9957637391298176
2129,1.536,0.9957637753060434
2130,1.5379999999999998,0.9957638105309329
2131,1.5400000000000005,0.995763844801838
2132,1.5420000000000003,0.9957638781168038
2133,1.544,0.9957639104745677
2134,1.5459999999999998,0.9957639418745599
2135,1.5480000000000005,0.9957639723169032
2136,1.5500000000000003,0.9957640018024132
2137,1.552,0.9957640303325981
2138,1.5539999999999998,0.9957640579096588
2139,1.5560000000000005,0.9957640845364889
2140,1.5580000000000003,0.9957641102166745
2141,1.56,0.9957641349544948
2142,1.5619999999999998,0.9957641587549211
2143,1.5640000000000005,0.9957641816236178
2144,1.5660000000000003,0.9957642035669417
2145,1.568,0.9957642245919427
2146,1.5699999999999998,0.9957642447063628
2147,1.5720000000000005,0.9957642639186371
2148,1.5740000000000003,0.9957642822378932
2149,1.576,0.9957642996739514
2150,1.5779999999999998,0.9957643162373248
2151,1.5800000000000005,0.9957643319392189
2152,1.5820000000000003,0.9957643467915321
2153,1.584,0.9957643608068555
2154,1.5859999999999999,0.9957643739984726
2155,1.5880000000000005,0.9957643863803599
2156,1.5900000000000003,0.9957643979671865
2157,1.592,0.995764408774314
2158,1.5939999999999999,0.9957644188177968
2159,1.5960000000000005,0.9957644281143819
2160,1.5980000000000003,0.9957644366815093
2161,1.6,0.995764444537311
2162,1.6019999999999999,0.9957644517006125
2163,1.6040000000000005,0.9957644581909313
2164,1.6060000000000003,0.995764464028478
2165,1.608,0.9957644692341554
2166,1.6099999999999999,0.9957644738295597
2167,1.6120000000000005,0.9957644778369791
2168,1.6140000000000003,0.9957644812793949
2169,1.616,0.9957644841804807
2170,1.6179999999999999,0.9957644865646031
2171,1.6200000000000006,0.9957644884568214
2172,1.6220000000000003,0.9957644898828872
2173,1.624,0.9957644908692452
2174,1.626,0.9957644914430325
2175,1.6280000000000006,0.9957644916320789
2176,1.6300000000000003,0.995764491464907
2177,1.6320000000000001,0.995764490970732
2178,1.634,0.9957644901794619
2179,1.6359999999999997,0.9957644891216971
2180,1.6380000000000003,0.9957644878287308
2181,1.6400000000000001,0.9957644863325492
2182,1.642,0.9957644846658306
2183,1.6439999999999997,0.9957644828619463
2184,1.6460000000000004,0.9957644809549604
2185,1.6480000000000001,0.9957644789796293
2186,1.65,0.9957644769714024
2187,1.6519999999999997,0.9957644749664216
2188,1.6540000000000004,0.9957644730015217
2189,1.6560000000000001,0.9957644711142298
2190,1.658,0.9957644693427661
2191,1.6599999999999997,0.995764467726043
2192,1.6620000000000004,0.995764466303666
2193,1.6640000000000001,0.9957644651159331
2194,1.666,0.9957644642038349
2195,1.6679999999999997,0.9957644636090549
2196,1.6700000000000004,0.9957644633739691
2197,1.6720000000000002,0.995764463541646
2198,1.674,0.9957644641558473
2199,1.6759999999999997,0.9957644652610269
2200,1.6780000000000004,0.9957644669023316
2201,1.6800000000000002,0.9957644691256006
2202,1.682,0.9957644719773663
2203,1.6839999999999997,0.9957644755048531
2204,1.6860000000000004,0.9957644797559788
2205,1.6880000000000002,0.9957644847793533
2206,1.69,0.9957644906242794
2207,1.6919999999999997,0.9957644973407527
2208,1.6940000000000004,0.9957645049794611
2209,1.6960000000000002,0.9957645135917855
2210,1.698,0.9957645232297995
2211,1.6999999999999997,0.9957645337333401
2212,1.7020000000000004,0.9957645442779344
2213,1.7040000000000002,0.9957645547725075
2214,1.706,0.995764565213768
2215,1.7079999999999997,0.9957645755984861
2216,1.7100000000000004,0.9957645859234944
2217,1.7120000000000002,0.9957645961856871
2218,1.714,0.9957646063820208
2219,1.7159999999999997,0.9957646165095139
2220,1.7180000000000004,0.9957646265652466
2221,1.7200000000000002,0.9957646365463612
2222,1.722,0.9957646464500621
2223,1.7239999999999998,0.9957646562736157
2224,1.7260000000000004,0.9957646660143502
2225,1.7280000000000002,0.9957646756696559
2226,1.73,0.995764685236985
2227,1.7319999999999998,0.995764694713852
2228,1.7340000000000004,0.9957647040978328
2229,1.7360000000000002,0.9957647133865658
2230,1.738,0.9957647225777512
2231,1.7399999999999998,0.995764731669151
2232,1.7420000000000004,0.9957647406585898
2233,1.7440000000000002,0.9957647495439532
2234,1.746,0.9957647583231898
2235,1.7479999999999998,0.9957647669943095
2236,1.7500000000000004,0.9957647755553845
2237,1.7520000000000002,0.9957647840045487
2238,1.754,0.9957647923399985
2239,1.7559999999999998,0.9957648005599917
2240,1.7580000000000005,0.9957648086628484
2241,1.7600000000000002,0.9957648166469507
2242,1.762,0.9957648245107427
2243,1.7639999999999998,0.9957648322527302
2244,1.7660000000000005,0.9957648398714812
2245,1.7680000000000002,0.9957648473656259
2246,1.77,0.995764854733856
2247,1.7719999999999998,0.9957648619749255
2248,1.7740000000000005,0.9957648690876504
2249,1.7760000000000002,0.9957648760709086
2250,1.778,0.9957648829236398
2251,1.7799999999999998,0.9957648896448462
2252,1.7820000000000005,0.9957648962335915
2253,1.7840000000000003,0.9957649026890015
2254,1.786,0.995764909010264
2255,1.7879999999999998,0.995764915196629
2256,1.7900000000000005,0.9957649212474081
2257,1.7920000000000003,0.9957649271619753
2258,1.794,0.9957649329397661
2259,1.7959999999999998,0.9957649385802785
2260,1.7980000000000005,0.995764944083072
2261,1.8000000000000003,0.9957649494477686
2262,1.802,0.9957649546740518
2263,1.8039999999999998,0.9957649597616673
2264,1.8060000000000005,0.9957649647104229
2265,1.8080000000000003,0.9957649695201881
2266,1.81,0.9957649741908947
2267,1.8119999999999998,0.9957649787225362
2268,1.8140000000000005,0.9957649831151683
2269,1.8160000000000003,0.9957649873689085
2270,1.818,0.9957649914839366
2271,1.8199999999999998,0.9957649954604939
2272,1.8220000000000005,0.9957649992988841
2273,1.8240000000000003,0.9957650029994727
2274,1.826,0.9957650065626873
2275,1.8279999999999998,0.9957650099890173
2276,1.8300000000000005,0.9957650132790141
2277,1.8320000000000003,0.9957650164332914
2278,1.834,0.9957650194525246
2279,1.8359999999999999,0.995765022337451
2280,1.8380000000000005,0.9957650250888701
2281,1.8400000000000003,0.9957650277076434
2282,1.842,0.9957650301946943
2283,1.8439999999999999,0.995765032551008
2284,1.8460000000000005,0.995765034777632
2285,1.8480000000000003,0.9957650368756756
2286,1.85,0.9957650388463103
2287,1.8519999999999999,0.9957650406907692
2288,1.8540000000000005,0.9957650424103477
2289,1.8560000000000003,0.995765044006403
2290,1.858,0.9957650454803545
2291,1.8599999999999999,0.9957650468336834
2292,1.8620000000000005,0.995765048067933
2293,1.8640000000000003,0.9957650491847083
2294,1.866,0.9957650501856768
2295,1.8679999999999999,0.9957650510725676
2296,1.8700000000000006,0.9957650518471719
2297,1.8720000000000003,0.9957650525113427
2298,1.874,0.9957650530669954
2299,1.876,0.9957650535161069
2300,1.8780000000000006,0.9957650538607165
2301,1.8800000000000003,0.9957650541029252
2302,1.8820000000000001,0.995765054244896
2303,1.884,0.9957650542888541
2304,1.8860000000000006,0.9957650542370866
2305,1.8880000000000003,0.9957650540919425
2306,1.8900000000000001,0.9957650538558328
2307,1.892,0.9957650535312305
2308,1.8939999999999997,0.9957650531206705
2309,1.8960000000000004,0.99576505262675
2310,1.8980000000000001,0.9957650520521278
2311,1.9,0.9957650513995249
2312,1.9019999999999997,0.9957650506717242
2313,1.9040000000000004,0.9957650498715707
2314,1.9060000000000001,0.9957650490019712
2315,1.908,0.9957650480658946
2316,1.9099999999999997,0.9957650470663718
2317,1.9120000000000004,0.9957650460064957
2318,1.9140000000000001,0.9957650448894211
2319,1.916,0.9957650437183647
2320,1.9179999999999997,0.9957650424966055
2321,1.9200000000000004,0.9957650412274842
2322,1.9220000000000002,0.9957650399144036
2323,1.924,0.9957650385608284
2324,1.9259999999999997,0.9957650371702854
2325,1.9280000000000004,0.9957650357463634
2326,1.9300000000000002,0.995765034292713
2327,1.932,0.995765032813047
2328,1.9339999999999997,0.9957650313111399
2329,1.9360000000000004,0.9957650297908285
2330,1.9380000000000002,0.9957650282560115
2331,1.94,0.9957650267106495
2332,1.9419999999999997,0.9957650251587651
2333,1.9440000000000004,0.9957650236044429
2334,1.9460000000000002,0.9957650220518294
2335,1.948,0.9957650205051334
2336,1.9499999999999997,0.9957650189686252
2337,1.9520000000000004,0.9957650174466376
2338,1.9540000000000002,0.9957650159435649
2339,1.956,0.9957650144638639
2340,1.9579999999999997,0.9957650130120528
2341,1.9600000000000004,0.9957650115927122
2342,1.9620000000000002,0.9957650102104846
2343,1.964,0.9957650088700745
2344,1.9659999999999997,0.9957650075762481
2345,1.9680000000000004,0.995765006333834
2346,1.9700000000000002,0.9957650051477226
2347,1.972,0.9957650040228663
2348,1.9739999999999998,0.9957650029642795
2349,1.9760000000000004,0.9957650019770384
2350,1.9780000000000002,0.9957650010662815
2351,1.98,0.995765000237209
2352,1.9819999999999998,0.9957649994950833
2353,1.9840000000000004,0.9957649988452288
2354,1.9860000000000002,0.9957649982930316
2355,1.988,0.99576499784394
2356,1.9899999999999998,0.9957649975034643
2357,1.9920000000000004,0.9957649972771767
2358,1.9940000000000002,0.9957649971707114
2359,1.996,0.9957649971897646
2360,1.9979999999999998,0.9957649973400947
2361,2.0000000000000004,0.9957649976275216
2362,2.0020000000000002,0.9957649980579275
2363,2.004,0.9957649986208588
2364,2.006,0.9957649992214348
2365,2.0080000000000005,0.9957649998424412
2366,2.0100000000000002,0.9957650004827237
2367,2.012,0.9957650011411648
2368,2.014,0.995765001816684
2369,2.0160000000000005,0.9957650025082372
2370,2.0180000000000002,0.9957650032148168
2371,2.02,0.9957650039354521
