,control_x,control_y,duration_x,duration_y,intensity_x,intensity_y
0,-3.36,0.0,-3.38,0.0,-3.36,0.0
1,-3.35,0.0,-3.37,0.0,-3.35,0.0
2,-3.34,0.0,-3.36,0.0,-3.34,0.0
3,-3.33,0.0,-3.35,0.0,-3.33,0.0
4,-3.32,0.0,-3.34,0.0,-3.32,0.0
5,-3.31,0.0,-3.33,0.0,-3.31,0.0
6,-3.3,0.0,-3.32,0.0,-3.3,0.0
7,-3.29,0.0,-3.31,0.0,-3.29,0.0
8,-3.28,0.0,-3.3,0.0,-3.28,0.0
9,-3.27,0.0,-3.29,0.0,-3.27,0.0
10,-3.26,0.0,-3.28,0.0,-3.26,0.0
11,-3.25,0.0,-3.27,0.0,-3.25,0.0
12,-3.2399999999999998,0.0,-3.26,0.0,-3.2399999999999998,0.0
13,-3.23,0.0,-3.25,0.0,-3.23,0.0
14,-3.2199999999999998,0.0,-3.2399999999999998,0.0,-3.2199999999999998,0.0
15,-3.21,0.0,-3.23,0.0,-3.21,0.0
16,-3.1999999999999997,0.0,-3.2199999999999998,0.0,-3.1999999999999997,0.0
17,-3.19,0.0,-3.21,0.0,-3.19,0.0
18,-3.1799999999999997,0.0,-3.1999999999999997,0.0,-3.1799999999999997,0.0
19,-3.17,0.0,-3.19,0.0,-3.17,0.0
20,-3.1599999999999997,0.0,-3.1799999999999997,0.0,-3.1599999999999997,0.0
21,-3.15,0.0,-3.17,0.0,-3.15,0.0
22,-3.1399999999999997,0.0,-3.1599999999999997,0.0,-3.1399999999999997,0.0
23,-3.13,0.0,-3.15,0.0,-3.13,0.0
24,-3.12,0.0,-3.1399999999999997,0.0,-3.12,0.0
25,-3.11,0.0,-3.13,0.0,-3.11,0.0
26,-3.0999999999999996,0.0,-3.12,0.0,-3.0999999999999996,0.0
27,-3.09,0.0,-3.11,0.0,-3.09,0.0
28,-3.08,0.0,-3.0999999999999996,0.0,-3.08,0.0
29,-3.07,0.0,-3.09,0.0,-3.07,0.0
30,-3.06,0.0,-3.08,0.0,-3.06,0.0
31,-3.05,0.0,-3.07,0.0,-3.05,0.0
32,-3.04,0.0,-3.06,0.0,-3.04,0.0
33,-3.03,0.0,-3.05,0.0,-3.03,0.0
34,-3.02,0.0,-3.04,0.0,-3.02,0.0
35,-3.01,0.0,-3.03,0.0,-3.01,0.0
36,-3.0,0.0,-3.02,0.0,-3.0,0.0
37,-2.9899999999999998,0.0,-3.01,0.0,-2.9899999999999998,0.0
38,-2.98,0.0,-3.0,0.0,-2.98,0.0
39,-2.9699999999999998,0.0,-2.9899999999999998,0.0,-2.9699999999999998,0.0
40,-2.96,0.0,-2.98,0.0,-2.96,0.0
41,-2.9499999999999997,0.0,-2.9699999999999998,0.0,-2.9499999999999997,0.0
42,-2.94,0.0,-2.96,0.0,-2.94,0.0
43,-2.9299999999999997,0.0,-2.9499999999999997,0.0,-2.9299999999999997,0.0
44,-2.92,0.0,-2.94,0.0,-2.92,0.0
45,-2.9099999999999997,0.0,-2.9299999999999997,0.0,-2.9099999999999997,0.0
46,-2.9,0.0,-2.92,0.0,-2.9,0.0
47,-2.8899999999999997,0.0,-2.9099999999999997,0.0,-2.8899999999999997,0.0
48,-2.88,0.0,-2.9,0.0,-2.88,0.0
49,-2.87,0.0,-2.8899999999999997,0.0,-2.87,0.0
50,-2.86,0.0,-2.88,0.0,-2.86,0.0
51,-2.8499999999999996,0.0,-2.87,0.0,-2.8499999999999996,0.0
52,-2.84,0.0,-2.86,0.0,-2.84,0.0
53,-2.83,0.0,-2.8499999999999996,0.0,-2.83,0.0
54,-2.82,0.0,-2.84,0.0,-2.82,0.0
55,-2.8099999999999996,0.0,-2.83,0.0,-2.8099999999999996,0.0
56,-2.8,0.0,-2.82,0.0,-2.8,0.0
57,-2.79,0.0,-2.8099999999999996,0.0,-2.79,0.0
58,-2.78,0.0,-2.8,0.0,-2.78,0.0
59,-2.77,0.0,-2.79,0.0,-2.77,0.0
60,-2.76,0.0,-2.78,0.0,-2.76,0.0
61,-2.75,0.0,-2.77,0.0,-2.75,0.0
62,-2.7399999999999998,0.0,-2.76,0.0,-2.7399999999999998,0.0
63,-2.73,0.0,-2.75,0.0,-2.73,0.0
64,-2.7199999999999998,0.0,-2.7399999999999998,0.0,-2.7199999999999998,3.333333333333333
65,-2.71,0.0,-2.73,0.0,-2.71,0.0
66,-2.6999999999999997,0.0,-2.7199999999999998,0.0,-2.6999999999999997,0.0
67,-2.69,0.0,-2.71,0.0,-2.69,0.0
68,-2.6799999999999997,0.0,-2.6999999999999997,0.0,-2.6799999999999997,0.0
69,-2.67,0.0,-2.69,0.0,-2.67,0.0
70,-2.6599999999999997,0.0,-2.6799999999999997,0.0,-2.6599999999999997,0.0
71,-2.65,0.0,-2.67,0.0,-2.65,0.0
72,-2.6399999999999997,0.0,-2.66,0.0,-2.6399999999999997,0.0
73,-2.63,0.0,-2.65,0.0,-2.63,0.0
74,-2.62,0.0,-2.6399999999999997,0.0,-2.62,0.0
75,-2.61,0.0,-2.63,0.0,-2.61,0.0
76,-2.5999999999999996,0.0,-2.62,0.0,-2.5999999999999996,0.0
77,-2.59,0.0,-2.61,0.0,-2.59,0.0
78,-2.58,0.0,-2.5999999999999996,0.0,-2.58,0.0
79,-2.57,0.0,-2.59,0.0,-2.57,0.0
80,-2.5599999999999996,0.0,-2.58,0.0,-2.5599999999999996,0.0
81,-2.55,0.0,-2.57,0.0,-2.55,0.0
82,-2.54,0.0,-2.5599999999999996,0.0,-2.54,0.0
83,-2.53,0.0,-2.55,0.0,-2.53,0.0
84,-2.52,0.0,-2.54,0.0,-2.52,0.0
85,-2.51,0.0,-2.53,0.0,-2.51,0.0
86,-2.5,0.0,-2.52,0.0,-2.5,0.0
87,-2.4899999999999998,0.0,-2.51,0.0,-2.4899999999999998,0.0
88,-2.48,0.0,-2.5,0.0,-2.48,0.0
89,-2.4699999999999998,0.0,-2.4899999999999998,0.0,-2.4699999999999998,0.0
90,-2.46,0.0,-2.48,0.0,-2.46,0.0
91,-2.4499999999999997,0.0,-2.4699999999999998,0.0,-2.4499999999999997,0.0
92,-2.44,0.0,-2.46,0.0,-2.44,0.0
93,-2.4299999999999997,0.0,-2.4499999999999997,0.0,-2.4299999999999997,0.0
94,-2.42,0.0,-2.44,0.0,-2.42,0.0
95,-2.4099999999999997,0.0,-2.4299999999999997,0.0,-2.4099999999999997,0.0
96,-2.4,0.0,-2.42,0.0,-2.4,0.0
97,-2.3899999999999997,0.0,-2.41,0.0,-2.3899999999999997,0.0
98,-2.38,0.0,-2.4,0.0,-2.38,0.0
99,-2.37,0.0,-2.3899999999999997,0.0,-2.37,0.0
100,-2.36,0.0,-2.38,0.0,-2.36,0.0
101,-2.3499999999999996,0.0,-2.37,0.0,-2.3499999999999996,0.0
102,-2.34,0.0,-2.36,0.0,-2.34,0.0
103,-2.33,0.0,-2.3499999999999996,0.0,-2.33,0.0
104,-2.32,0.0,-2.34,0.0,-2.32,0.0
105,-2.3099999999999996,0.0,-2.33,0.0,-2.3099999999999996,0.0
106,-2.3,0.0,-2.32,0.0,-2.3,0.0
107,-2.29,0.0,-2.3099999999999996,0.0,-2.29,0.0
108,-2.28,0.0,-2.3,0.0,-2.28,0.0
109,-2.2699999999999996,0.0,-2.29,0.0,-2.2699999999999996,0.0
110,-2.26,0.0,-2.28,0.0,-2.26,0.0
111,-2.25,0.0,-2.2699999999999996,0.0,-2.25,0.0
112,-2.2399999999999998,0.0,-2.26,0.0,-2.2399999999999998,0.0
113,-2.2299999999999995,0.0,-2.25,0.0,-2.2299999999999995,0.0
114,-2.2199999999999998,0.0,-2.2399999999999998,0.0,-2.2199999999999998,0.0
115,-2.21,0.0,-2.2299999999999995,0.0,-2.21,0.0
116,-2.2,0.0,-2.2199999999999998,0.0,-2.2,0.0
117,-2.19,0.0,-2.21,0.0,-2.19,0.0
118,-2.1799999999999997,0.0,-2.2,0.0,-2.1799999999999997,0.0
119,-2.17,0.0,-2.19,0.0,-2.17,0.0
120,-2.16,0.0,-2.1799999999999997,0.0,-2.16,0.0
121,-2.15,0.0,-2.17,0.0,-2.15,0.0
122,-2.1399999999999997,0.0,-2.16,0.0,-2.1399999999999997,0.0
123,-2.13,0.0,-2.15,0.0,-2.13,0.0
124,-2.12,0.0,-2.1399999999999997,0.0,-2.12,0.0
125,-2.11,0.0,-2.13,0.0,-2.11,0.0
126,-2.0999999999999996,0.0,-2.12,0.0,-2.0999999999999996,0.0
127,-2.09,0.0,-2.11,0.0,-2.09,0.0
128,-2.08,0.0,-2.0999999999999996,0.0,-2.08,0.0
129,-2.07,0.0,-2.09,0.0,-2.07,0.0
130,-2.0599999999999996,0.0,-2.08,0.0,-2.0599999999999996,0.0
131,-2.05,0.0,-2.07,0.0,-2.05,0.0
132,-2.04,0.0,-2.0599999999999996,0.0,-2.04,0.0
133,-2.03,0.0,-2.05,0.0,-2.03,0.0
134,-2.0199999999999996,0.0,-2.04,0.0,-2.0199999999999996,0.0
135,-2.01,0.0,-2.03,0.0,-2.01,0.0
136,-1.9999999999999998,0.0,-2.0199999999999996,0.0,-1.9999999999999998,0.0
137,-1.9899999999999998,0.0,-2.01,0.0,-1.9899999999999998,0.0
138,-1.9799999999999998,0.0,-1.9999999999999998,0.0,-1.9799999999999998,0.0
139,-1.9699999999999998,0.0,-1.9899999999999998,0.0,-1.9699999999999998,0.0
140,-1.9599999999999997,0.0,-1.9799999999999998,0.0,-1.9599999999999997,0.0
141,-1.95,0.0,-1.97,0.0,-1.95,0.0
142,-1.94,0.0,-1.96,0.0,-1.94,0.0
143,-1.93,0.0,-1.95,0.0,-1.93,0.0
144,-1.92,0.0,-1.94,0.0,-1.92,0.0
145,-1.91,0.0,-1.93,0.0,-1.91,0.0
146,-1.9,0.0,-1.92,0.0,-1.9,0.0
147,-1.89,0.0,-1.91,0.0,-1.89,0.0
148,-1.88,0.0,-1.9,0.0,-1.88,0.0
149,-1.8699999999999999,0.0,-1.89,0.0,-1.8699999999999999,0.0
150,-1.8599999999999999,0.0,-1.88,0.0,-1.8599999999999999,0.0
151,-1.8499999999999999,0.0,-1.8699999999999999,0.0,-1.8499999999999999,0.0
152,-1.8399999999999999,0.0,-1.8599999999999999,0.0,-1.8399999999999999,0.0
153,-1.8299999999999998,0.0,-1.8499999999999999,0.0,-1.8299999999999998,0.0
154,-1.8199999999999998,0.0,-1.8399999999999999,0.0,-1.8199999999999998,0.0
155,-1.8099999999999998,0.0,-1.8299999999999998,0.0,-1.8099999999999998,0.0
156,-1.7999999999999998,0.0,-1.8199999999999998,0.0,-1.7999999999999998,0.0
157,-1.7899999999999998,0.0,-1.8099999999999998,0.0,-1.7899999999999998,0.0
158,-1.7799999999999998,0.0,-1.7999999999999998,0.0,-1.7799999999999998,0.0
159,-1.7699999999999998,0.0,-1.7899999999999998,0.0,-1.7699999999999998,0.0
160,-1.7599999999999998,0.0,-1.7799999999999998,0.0,-1.7599999999999998,0.0
161,-1.7499999999999998,0.0,-1.7699999999999998,0.0,-1.7499999999999998,0.0
162,-1.7399999999999998,0.0,-1.7599999999999998,0.0,-1.7399999999999998,0.0
163,-1.7299999999999998,0.0,-1.7499999999999998,0.0,-1.7299999999999998,0.0
164,-1.7199999999999998,0.0,-1.7399999999999998,0.0,-1.7199999999999998,0.0
165,-1.7099999999999997,0.0,-1.7299999999999998,0.0,-1.7099999999999997,0.0
166,-1.6999999999999997,0.0,-1.7199999999999998,0.0,-1.6999999999999997,0.0
167,-1.69,0.0,-1.71,0.0,-1.69,0.0
168,-1.68,0.0,-1.7,0.0,-1.68,0.0
169,-1.67,0.0,-1.69,0.0,-1.67,0.0
170,-1.66,0.0,-1.68,0.0,-1.66,0.0
171,-1.65,0.0,-1.67,0.0,-1.65,0.0
172,-1.64,0.0,-1.66,0.0,-1.64,0.0
173,-1.63,0.0,-1.65,0.0,-1.63,0.0
174,-1.6199999999999999,0.0,-1.64,0.0,-1.6199999999999999,0.0
175,-1.6099999999999999,0.0,-1.63,0.0,-1.6099999999999999,0.0
176,-1.5999999999999999,0.0,-1.6199999999999999,0.0,-1.5999999999999999,0.0
177,-1.5899999999999999,0.0,-1.6099999999999999,0.0,-1.5899999999999999,0.0
178,-1.5799999999999998,0.0,-1.5999999999999999,0.0,-1.5799999999999998,0.0
179,-1.5699999999999998,0.0,-1.5899999999999999,0.0,-1.5699999999999998,0.0
180,-1.5599999999999998,0.0,-1.5799999999999998,0.0,-1.5599999999999998,0.0
181,-1.5499999999999998,0.0,-1.5699999999999998,0.0,-1.5499999999999998,0.0
182,-1.5399999999999998,0.0,-1.5599999999999998,0.0,-1.5399999999999998,0.0
183,-1.5299999999999998,0.0,-1.5499999999999998,0.0,-1.5299999999999998,0.0
184,-1.5199999999999998,0.0,-1.5399999999999998,0.0,-1.5199999999999998,0.0
185,-1.5099999999999998,0.0,-1.5299999999999998,0.0,-1.5099999999999998,0.0
186,-1.4999999999999998,0.0,-1.5199999999999998,0.0,-1.4999999999999998,0.0
187,-1.4899999999999998,0.0,-1.5099999999999998,0.0,-1.4899999999999998,0.0
188,-1.4799999999999998,0.0,-1.4999999999999998,0.0,-1.4799999999999998,0.0
189,-1.4699999999999998,0.0,-1.4899999999999998,0.0,-1.4699999999999998,0.0
190,-1.4599999999999997,0.0,-1.4799999999999998,0.0,-1.4599999999999997,0.0
191,-1.4499999999999997,0.0,-1.4699999999999998,0.0,-1.4499999999999997,0.0
192,-1.44,0.0,-1.46,0.0,-1.44,0.0
193,-1.43,0.0,-1.45,0.0,-1.43,0.0
194,-1.42,0.0,-1.44,0.0,-1.42,0.0
195,-1.41,0.0,-1.43,0.0,-1.41,0.0
196,-1.4,0.0,-1.42,0.0,-1.4,0.0
197,-1.39,0.0,-1.41,0.0,-1.39,0.0
198,-1.38,0.0,-1.4,0.0,-1.38,0.0
199,-1.3699999999999999,0.0,-1.39,0.0,-1.3699999999999999,0.0
200,-1.3599999999999999,0.0,-1.38,0.0,-1.3599999999999999,0.0
201,-1.3499999999999996,0.0,-1.3699999999999997,0.0,-1.3499999999999996,0.0
202,-1.3399999999999999,0.0,-1.3599999999999999,0.0,-1.3399999999999999,0.0
203,-1.3299999999999996,0.0,-1.3499999999999996,0.0,-1.3299999999999996,0.0
204,-1.3199999999999998,0.0,-1.3399999999999999,0.0,-1.3199999999999998,0.0
205,-1.31,0.0,-1.33,0.0,-1.31,0.0
206,-1.2999999999999998,0.0,-1.3199999999999998,0.0,-1.2999999999999998,0.0
207,-1.29,0.0,-1.31,0.0,-1.29,0.0
208,-1.2799999999999998,0.0,-1.2999999999999998,0.0,-1.2799999999999998,0.0
209,-1.27,0.0,-1.29,0.0,-1.27,0.0
210,-1.2599999999999998,0.0,-1.2799999999999998,0.0,-1.2599999999999998,0.0
211,-1.25,0.0,-1.27,0.0,-1.25,0.0
212,-1.2399999999999998,0.0,-1.2599999999999998,0.0,-1.2399999999999998,0.0
213,-1.23,0.0,-1.25,0.0,-1.23,0.0
214,-1.2199999999999998,0.0,-1.2399999999999998,0.0,-1.2199999999999998,0.0
215,-1.21,0.0,-1.23,0.0,-1.21,0.0
216,-1.1999999999999997,0.0,-1.2199999999999998,0.0,-1.1999999999999997,0.0
217,-1.19,0.0,-1.21,0.0,-1.19,0.0
218,-1.1799999999999997,0.0,-1.1999999999999997,0.0,-1.1799999999999997,0.0
219,-1.17,0.0,-1.19,0.0,-1.17,0.0
220,-1.1599999999999997,0.0,-1.1799999999999997,0.0,-1.1599999999999997,0.0
221,-1.15,0.0,-1.17,0.0,-1.15,0.0
222,-1.1399999999999997,0.0,-1.1599999999999997,0.0,-1.1399999999999997,0.0
223,-1.13,0.0,-1.15,0.0,-1.13,0.0
224,-1.1199999999999997,0.0,-1.1399999999999997,0.0,-1.1199999999999997,0.0
225,-1.1099999999999999,0.0,-1.13,0.0,-1.1099999999999999,0.0
226,-1.0999999999999996,0.0,-1.1199999999999997,0.0,-1.0999999999999996,0.0
227,-1.0899999999999999,0.0,-1.1099999999999999,0.0,-1.0899999999999999,0.0
228,-1.0799999999999996,0.0,-1.0999999999999996,0.0,-1.0799999999999996,0.0
229,-1.0699999999999998,0.0,-1.0899999999999999,0.0,-1.0699999999999998,0.0
230,-1.0599999999999996,0.0,-1.0799999999999996,0.0,-1.0599999999999996,0.0
231,-1.0499999999999998,0.0,-1.0699999999999998,0.0,-1.0499999999999998,0.0
232,-1.04,0.0,-1.06,0.0,-1.04,0.0
233,-1.0299999999999998,0.0,-1.0499999999999998,0.0,-1.0299999999999998,0.0
234,-1.02,0.0,-1.04,0.0,-1.02,0.0
235,-1.0099999999999998,0.0,-1.0299999999999998,0.0,-1.0099999999999998,0.0
236,-1.0,0.0,-1.02,0.0,-1.0,0.0
237,-0.9899999999999998,0.0,-1.0099999999999998,0.0,-0.9899999999999998,0.0
238,-0.98,0.0,-1.0,0.0,-0.98,0.0
239,-0.9699999999999998,0.0,-0.9899999999999998,0.0,-0.9699999999999998,0.0
240,-0.96,0.0,-0.98,0.0,-0.96,0.0
241,-0.9499999999999997,0.0,-0.9699999999999998,0.0,-0.9499999999999997,0.0
242,-0.94,0.0,-0.96,0.0,-0.94,0.0
243,-0.9299999999999997,0.0,-0.9499999999999997,0.0,-0.9299999999999997,0.0
244,-0.9199999999999999,0.0,-0.94,0.0,-0.9199999999999999,0.0
245,-0.9099999999999997,0.0,-0.9299999999999997,0.0,-0.9099999999999997,0.0
246,-0.8999999999999999,0.0,-0.9199999999999999,0.0,-0.8999999999999999,0.0
247,-0.8899999999999997,0.0,-0.9099999999999997,0.0,-0.8899999999999997,0.0
248,-0.8799999999999999,0.0,-0.8999999999999999,0.0,-0.8799999999999999,0.0
249,-0.8699999999999997,0.0,-0.8899999999999997,0.0,-0.8699999999999997,0.0
250,-0.8599999999999999,0.0,-0.8799999999999999,0.0,-0.8599999999999999,0.0
251,-0.8499999999999996,0.0,-0.8699999999999997,0.0,-0.8499999999999996,0.0
252,-0.8399999999999999,0.0,-0.8599999999999999,0.0,-0.8399999999999999,0.0
253,-0.8299999999999996,0.0,-0.8499999999999996,0.0,-0.8299999999999996,0.0
254,-0.8199999999999998,0.0,-0.8399999999999999,0.0,-0.8199999999999998,0.0
255,-0.8099999999999996,0.0,-0.8299999999999996,0.0,-0.8099999999999996,0.0
256,-0.7999999999999998,0.0,-0.8199999999999998,0.0,-0.7999999999999998,0.0
257,-0.79,0.0,-0.81,0.0,-0.79,0.0
258,-0.7799999999999998,0.0,-0.7999999999999998,0.0,-0.7799999999999998,0.0
259,-0.77,0.0,-0.79,0.0,-0.77,0.0
260,-0.7599999999999998,0.0,-0.7799999999999998,0.0,-0.7599999999999998,0.0
261,-0.75,0.0,-0.77,0.0,-0.75,0.0
262,-0.7399999999999998,0.0,-0.7599999999999998,0.0,-0.7399999999999998,0.0
263,-0.73,0.0,-0.75,0.0,-0.73,0.0
264,-0.7199999999999998,0.0,-0.7399999999999998,0.0,-0.7199999999999998,0.0
265,-0.71,0.0,-0.73,0.0,-0.71,0.0
266,-0.6999999999999997,0.0,-0.7199999999999998,0.0,-0.6999999999999997,0.0
267,-0.69,0.0,-0.71,0.0,-0.69,0.0
268,-0.6799999999999997,0.0,-0.6999999999999997,0.0,-0.6799999999999997,0.0
269,-0.6699999999999999,0.0,-0.69,0.0,-0.6699999999999999,0.0
270,-0.6599999999999997,0.0,-0.6799999999999997,0.0,-0.6599999999999997,0.0
271,-0.6499999999999999,0.0,-0.6699999999999999,0.0,-0.6499999999999999,0.0
272,-0.6399999999999997,0.0,-0.6599999999999997,0.0,-0.6399999999999997,0.0
273,-0.6299999999999999,0.0,-0.6499999999999999,0.0,-0.6299999999999999,0.0
274,-0.6199999999999997,0.0,-0.6399999999999997,0.0,-0.6199999999999997,0.0
275,-0.6099999999999999,0.0,-0.6299999999999999,0.0,-0.6099999999999999,0.0
276,-0.5999999999999996,0.0,-0.6199999999999997,0.0,-0.5999999999999996,0.0
277,-0.5899999999999999,0.0,-0.6099999999999999,0.0,-0.5899999999999999,0.0
278,-0.5799999999999996,0.0,-0.5999999999999996,0.0,-0.5799999999999996,0.0
279,-0.5699999999999998,0.0,-0.5899999999999999,0.0,-0.5699999999999998,0.0
280,-0.5599999999999996,0.0,-0.5799999999999996,0.0,-0.5599999999999996,0.0
281,-0.5499999999999998,0.0,-0.5699999999999998,0.0,-0.5499999999999998,0.0
282,-0.54,0.0,-0.56,0.0,-0.54,0.0
283,-0.5299999999999998,0.0,-0.5499999999999998,0.0,-0.5299999999999998,0.0
284,-0.52,0.0,-0.54,0.0,-0.52,0.0
285,-0.5099999999999998,0.0,-0.5299999999999998,0.0,-0.5099999999999998,0.0
286,-0.5,0.0,-0.52,0.0,-0.5,0.0
287,-0.48999999999999977,0.0,-0.5099999999999998,0.0,-0.48999999999999977,0.0
288,-0.48,0.0,-0.5,0.0,-0.48,0.0
289,-0.46999999999999975,0.0,-0.48999999999999977,0.0,-0.46999999999999975,0.0
290,-0.45999999999999996,0.0,-0.48,0.0,-0.45999999999999996,0.0
291,-0.44999999999999973,0.0,-0.46999999999999975,0.0,-0.44999999999999973,0.0
292,-0.43999999999999995,0.0,-0.45999999999999996,0.0,-0.43999999999999995,0.0
293,-0.4299999999999997,0.0,-0.44999999999999973,0.0,-0.4299999999999997,0.0
294,-0.41999999999999993,0.0,-0.43999999999999995,0.0,-0.41999999999999993,0.0
295,-0.4099999999999997,0.0,-0.4299999999999997,0.0,-0.4099999999999997,0.0
296,-0.3999999999999999,0.0,-0.41999999999999993,0.0,-0.3999999999999999,0.0
297,-0.3899999999999997,0.0,-0.4099999999999997,0.0,-0.3899999999999997,0.0
298,-0.3799999999999999,0.0,-0.3999999999999999,0.0,-0.3799999999999999,0.0
299,-0.36999999999999966,0.0,-0.3899999999999997,0.0,-0.36999999999999966,0.0
300,-0.3599999999999999,0.0,-0.3799999999999999,0.0,-0.3599999999999999,0.0
301,-0.34999999999999964,0.0,-0.36999999999999966,0.0,-0.34999999999999964,0.0
302,-0.33999999999999986,0.0,-0.3599999999999999,0.0,-0.33999999999999986,0.0
303,-0.3299999999999996,0.0,-0.34999999999999964,0.0,-0.3299999999999996,0.0
304,-0.31999999999999984,0.0,-0.33999999999999986,0.0,-0.31999999999999984,0.0
305,-0.3099999999999996,0.0,-0.3299999999999996,0.0,-0.3099999999999996,0.0
306,-0.2999999999999998,0.0,-0.31999999999999984,0.0,-0.2999999999999998,0.0
307,-0.2899999999999996,0.0,-0.3099999999999996,0.0,-0.2899999999999996,0.0
308,-0.2799999999999998,0.0,-0.2999999999999998,0.0,-0.2799999999999998,0.0
309,-0.27,0.0,-0.29000000000000004,0.0,-0.27,0.0
310,-0.2599999999999998,0.0,-0.2799999999999998,0.0,-0.2599999999999998,0.0
311,-0.25,0.0,-0.27,0.0,-0.25,0.0
312,-0.23999999999999977,0.0,-0.2599999999999998,0.0,-0.23999999999999977,0.0
313,-0.22999999999999998,0.0,-0.25,0.0,-0.22999999999999998,0.0
314,-0.21999999999999975,0.0,-0.23999999999999977,0.0,-0.21999999999999975,0.0
315,-0.20999999999999996,0.0,-0.22999999999999998,0.0,-0.20999999999999996,0.0
316,-0.19999999999999973,0.0,-0.21999999999999975,0.0,-0.19999999999999973,0.0
317,-0.18999999999999995,0.0,-0.20999999999999996,0.0,-0.18999999999999995,0.0
318,-0.17999999999999972,0.0,-0.19999999999999973,0.0,-0.17999999999999972,0.0
319,-0.16999999999999993,0.0,-0.18999999999999995,0.0,-0.16999999999999993,0.0
320,-0.1599999999999997,0.0,-0.17999999999999972,0.0,-0.1599999999999997,0.0
321,-0.1499999999999999,0.0,-0.16999999999999993,0.0,-0.1499999999999999,0.0
322,-0.13999999999999968,0.0,-0.1599999999999997,0.0,-0.13999999999999968,0.0
323,-0.1299999999999999,0.0,-0.1499999999999999,0.0,-0.1299999999999999,0.0
324,-0.11999999999999966,0.0,-0.13999999999999968,0.0,-0.11999999999999966,0.0
325,-0.10999999999999988,0.0,-0.1299999999999999,0.0,-0.10999999999999988,0.0
326,-0.09999999999999964,0.0,-0.11999999999999966,0.0,-0.09999999999999964,0.0
327,-0.08999999999999986,0.0,-0.10999999999999988,0.0,-0.08999999999999986,0.0
328,-0.07999999999999963,0.0,-0.09999999999999964,0.0,-0.07999999999999963,0.0
329,-0.06999999999999984,0.0,-0.08999999999999986,0.0,-0.06999999999999984,0.0
330,-0.05999999999999961,0.0,-0.07999999999999963,0.0,-0.05999999999999961,0.0
331,-0.04999999999999982,0.0,-0.06999999999999984,0.0,-0.04999999999999982,0.0
332,-0.03999999999999959,0.0,-0.05999999999999961,0.0,-0.03999999999999959,0.0
333,-0.029999999999999805,0.0,-0.04999999999999982,0.0,-0.029999999999999805,0.0
334,-0.020000000000000018,0.0,-0.040000000000000036,0.0,-0.020000000000000018,0.0
335,-0.009999999999999787,0.0,-0.029999999999999805,0.0,-0.009999999999999787,0.0
336,0.0,0.0,-0.020000000000000018,0.0,0.0,0.0
337,0.010000000000000231,0.0,-0.009999999999999787,0.0,0.010000000000000231,0.0
338,0.020000000000000018,0.0,0.0,0.0,0.020000000000000018,0.0
339,0.03000000000000025,0.0,0.010000000000000231,0.0,0.03000000000000025,0.0
340,0.040000000000000036,0.0,0.020000000000000018,0.0,0.040000000000000036,0.0
341,0.050000000000000266,0.0,0.03000000000000025,0.0,0.050000000000000266,0.0
342,0.06000000000000005,0.0,0.040000000000000036,0.0,0.06000000000000005,0.0
343,0.07000000000000028,0.0,0.050000000000000266,0.0,0.07000000000000028,0.0
344,0.08000000000000007,0.0,0.06000000000000005,0.0,0.08000000000000007,0.0
345,0.0900000000000003,0.0,0.07000000000000028,0.0,0.0900000000000003,0.0
346,0.10000000000000009,0.0,0.08000000000000007,3.333333333333333,0.10000000000000009,0.0
347,0.11000000000000032,0.0,0.0900000000000003,6.666666666666666,0.11000000000000032,0.0
348,0.1200000000000001,3.333333333333333,0.10000000000000009,13.333333333333332,0.1200000000000001,3.333333333333333
349,0.13000000000000034,6.666666666666666,0.11000000000000032,20.0,0.13000000000000034,6.666666666666666
350,0.14000000000000012,13.333333333333332,0.1200000000000001,33.33333333333333,0.14000000000000012,10.0
351,0.15000000000000036,20.0,0.13000000000000034,46.666666666666664,0.15000000000000036,16.666666666666664
352,0.16000000000000014,30.0,0.14000000000000012,63.33333333333333,0.16000000000000014,23.333333333333332
353,0.17000000000000037,43.333333333333336,0.15000000000000036,73.33333333333333,0.17000000000000037,30.0
354,0.18000000000000016,53.33333333333333,0.16000000000000014,83.33333333333333,0.18000000000000016,36.666666666666664
355,0.1900000000000004,60.0,0.17000000000000037,83.33333333333333,0.1900000000000004,43.333333333333336
356,0.20000000000000018,63.33333333333333,0.18000000000000016,80.0,0.20000000000000018,46.666666666666664
357,0.2100000000000004,63.33333333333333,0.1900000000000004,70.0,0.2100000000000004,46.666666666666664
358,0.2200000000000002,56.666666666666664,0.20000000000000018,60.0,0.2200000000000002,43.333333333333336
359,0.22999999999999998,46.666666666666664,0.20999999999999996,46.666666666666664,0.22999999999999998,36.666666666666664
360,0.2400000000000002,36.666666666666664,0.2200000000000002,33.33333333333333,0.2400000000000002,30.0
361,0.25,26.666666666666664,0.22999999999999998,23.333333333333332,0.25,20.0
362,0.26000000000000023,16.666666666666664,0.2400000000000002,13.333333333333332,0.26000000000000023,13.333333333333332
363,0.27,10.0,0.25,10.0,0.27,10.0
364,0.28000000000000025,6.666666666666666,0.26000000000000023,3.333333333333333,0.28000000000000025,3.333333333333333
365,0.29000000000000004,3.333333333333333,0.27,3.333333333333333,0.29000000000000004,3.333333333333333
366,0.30000000000000027,0.0,0.28000000000000025,0.0,0.30000000000000027,0.0
367,0.31000000000000005,0.0,0.29000000000000004,0.0,0.31000000000000005,0.0
368,0.3200000000000003,0.0,0.30000000000000027,0.0,0.3200000000000003,0.0
369,0.33000000000000007,0.0,0.31000000000000005,0.0,0.33000000000000007,0.0
370,0.3400000000000003,0.0,0.3200000000000003,0.0,0.3400000000000003,0.0
371,0.3500000000000001,0.0,0.33000000000000007,0.0,0.3500000000000001,0.0
372,0.3600000000000003,0.0,0.3400000000000003,0.0,0.3600000000000003,0.0
373,0.3700000000000001,0.0,0.3500000000000001,0.0,0.3700000000000001,0.0
374,0.38000000000000034,0.0,0.3600000000000003,0.0,0.38000000000000034,0.0
375,0.3900000000000001,0.0,0.3700000000000001,0.0,0.3900000000000001,0.0
376,0.40000000000000036,0.0,0.38000000000000034,0.0,0.40000000000000036,0.0
377,0.41000000000000014,0.0,0.3900000000000001,0.0,0.41000000000000014,0.0
378,0.4200000000000004,0.0,0.40000000000000036,0.0,0.4200000000000004,0.0
379,0.43000000000000016,0.0,0.41000000000000014,0.0,0.43000000000000016,0.0
380,0.4400000000000004,0.0,0.4200000000000004,0.0,0.4400000000000004,0.0
381,0.4500000000000002,0.0,0.43000000000000016,0.0,0.4500000000000002,0.0
382,0.4600000000000004,0.0,0.4400000000000004,0.0,0.4600000000000004,0.0
383,0.4700000000000002,0.0,0.4500000000000002,0.0,0.4700000000000002,0.0
384,0.48,0.0,0.45999999999999996,0.0,0.48,0.0
385,0.4900000000000002,0.0,0.4700000000000002,0.0,0.4900000000000002,0.0
386,0.5,0.0,0.48,0.0,0.5,0.0
387,0.5100000000000002,0.0,0.4900000000000002,0.0,0.5100000000000002,0.0
388,0.52,0.0,0.5,0.0,0.52,0.0
389,0.5300000000000002,0.0,0.5100000000000002,0.0,0.5300000000000002,0.0
390,0.54,0.0,0.52,0.0,0.54,0.0
391,0.5500000000000003,0.0,0.5300000000000002,0.0,0.5500000000000003,0.0
392,0.56,0.0,0.54,0.0,0.56,0.0
393,0.5700000000000003,0.0,0.5500000000000003,0.0,0.5700000000000003,0.0
394,0.5800000000000001,0.0,0.56,0.0,0.5800000000000001,0.0
395,0.5900000000000003,0.0,0.5700000000000003,0.0,0.5900000000000003,0.0
396,0.6000000000000001,0.0,0.5800000000000001,0.0,0.6000000000000001,0.0
397,0.6100000000000003,0.0,0.5900000000000003,0.0,0.6100000000000003,0.0
398,0.6200000000000001,0.0,0.6000000000000001,0.0,0.6200000000000001,0.0
399,0.6300000000000003,0.0,0.6100000000000003,0.0,0.6300000000000003,0.0
400,0.6400000000000001,0.0,0.6200000000000001,0.0,0.6400000000000001,0.0
401,0.6499999999999999,0.0,0.6299999999999999,0.0,0.6499999999999999,0.0
402,0.6600000000000006,0.0,0.6400000000000006,0.0,0.6600000000000006,0.0
403,0.6700000000000004,0.0,0.6500000000000004,0.0,0.6700000000000004,0.0
404,0.6800000000000002,0.0,0.6600000000000001,0.0,0.6800000000000002,0.0
405,0.69,0.0,0.6699999999999999,0.0,0.69,0.0
406,0.7000000000000006,0.0,0.6800000000000006,0.0,0.7000000000000006,0.0
407,0.7100000000000004,0.0,0.6900000000000004,0.0,0.7100000000000004,0.0
408,0.7200000000000002,0.0,0.7000000000000002,0.0,0.7200000000000002,0.0
409,0.73,0.0,0.71,0.0,0.73,0.0
410,0.7399999999999998,0.0,0.7199999999999998,0.0,0.7399999999999998,0.0
411,0.7500000000000004,0.0,0.7300000000000004,0.0,0.7500000000000004,0.0
412,0.7600000000000002,0.0,0.7400000000000002,0.0,0.7600000000000002,0.0
413,0.77,0.0,0.75,0.0,0.77,0.0
414,0.7799999999999998,0.0,0.7599999999999998,0.0,0.7799999999999998,0.0
415,0.7900000000000005,0.0,0.7700000000000005,0.0,0.7900000000000005,0.0
416,0.8000000000000003,0.0,0.7800000000000002,0.0,0.8000000000000003,0.0
417,0.81,0.0,0.79,0.0,0.81,0.0
418,0.8199999999999998,0.0,0.7999999999999998,0.0,0.8199999999999998,0.0
419,0.8300000000000005,0.0,0.8100000000000005,0.0,0.8300000000000005,0.0
420,0.8400000000000003,0.0,0.8200000000000003,0.0,0.8400000000000003,0.0
421,0.8500000000000001,0.0,0.8300000000000001,0.0,0.8500000000000001,0.0
422,0.8599999999999999,0.0,0.8399999999999999,0.0,0.8599999999999999,0.0
423,0.8700000000000006,0.0,0.8500000000000005,0.0,0.8700000000000006,0.0
424,0.8800000000000003,0.0,0.8600000000000003,0.0,0.8800000000000003,0.0
425,0.8900000000000001,0.0,0.8700000000000001,0.0,0.8900000000000001,0.0
426,0.8999999999999999,0.0,0.8799999999999999,0.0,0.8999999999999999,0.0
427,0.9100000000000006,0.0,0.8900000000000006,0.0,0.9100000000000006,0.0
428,0.9200000000000004,0.0,0.9000000000000004,0.0,0.9200000000000004,0.0
429,0.9300000000000002,0.0,0.9100000000000001,0.0,0.9300000000000002,0.0
430,0.94,0.0,0.9199999999999999,0.0,0.94,0.0
431,0.9500000000000006,0.0,0.9300000000000006,0.0,0.9500000000000006,0.0
432,0.9600000000000004,0.0,0.9400000000000004,0.0,0.9600000000000004,0.0
433,0.9700000000000002,0.0,0.9500000000000002,0.0,0.9700000000000002,0.0
434,0.98,0.0,0.96,0.0,0.98,0.0
435,0.9900000000000007,0.0,0.9700000000000006,0.0,0.9900000000000007,0.0
436,1.0000000000000004,0.0,0.9800000000000004,0.0,1.0000000000000004,0.0
437,1.0100000000000002,0.0,0.9900000000000002,0.0,1.0100000000000002,0.0
438,1.02,0.0,1.0,0.0,1.02,0.0
439,1.0299999999999998,0.0,1.0099999999999998,0.0,1.0299999999999998,0.0
440,1.0400000000000005,0.0,1.0200000000000005,0.0,1.0400000000000005,0.0
441,1.0500000000000003,0.0,1.0300000000000002,0.0,1.0500000000000003,0.0
442,1.06,0.0,1.04,0.0,1.06,0.0
443,1.0699999999999998,0.0,1.0499999999999998,0.0,1.0699999999999998,0.0
444,1.0800000000000005,0.0,1.0600000000000005,0.0,1.0800000000000005,0.0
445,1.0900000000000003,0.0,1.0700000000000003,0.0,1.0900000000000003,0.0
446,1.1,0.0,1.08,0.0,1.1,0.0
447,1.1099999999999999,0.0,1.0899999999999999,0.0,1.1099999999999999,0.0
448,1.1200000000000006,0.0,1.1000000000000005,0.0,1.1200000000000006,0.0
449,1.1300000000000003,0.0,1.1100000000000003,0.0,1.1300000000000003,0.0
450,1.1400000000000001,0.0,1.12,0.0,1.1400000000000001,0.0
451,1.15,0.0,1.13,0.0,1.15,0.0
452,1.1600000000000006,0.0,1.1400000000000006,0.0,1.1600000000000006,0.0
453,1.1700000000000004,0.0,1.1500000000000004,0.0,1.1700000000000004,0.0
454,1.1800000000000002,0.0,1.1600000000000001,0.0,1.1800000000000002,0.0
455,1.19,0.0,1.17,0.0,1.19,0.0
456,1.2000000000000006,0.0,1.1800000000000006,0.0,1.2000000000000006,0.0
457,1.2100000000000004,0.0,1.1900000000000004,0.0,1.2100000000000004,0.0
458,1.2200000000000002,0.0,1.2000000000000002,0.0,1.2200000000000002,0.0
459,1.23,0.0,1.21,0.0,1.23,0.0
460,1.2400000000000007,0.0,1.2200000000000006,0.0,1.2400000000000007,0.0
461,1.2500000000000004,0.0,1.2300000000000004,0.0,1.2500000000000004,0.0
462,1.2600000000000002,0.0,1.2400000000000002,0.0,1.2600000000000002,0.0
463,1.27,0.0,1.25,0.0,1.27,0.0
464,1.2799999999999998,0.0,1.2599999999999998,0.0,1.2799999999999998,0.0
465,1.2900000000000005,0.0,1.2700000000000005,0.0,1.2900000000000005,0.0
466,1.3000000000000003,0.0,1.2800000000000002,0.0,1.3000000000000003,0.0
467,1.31,0.0,1.29,0.0,1.31,0.0
468,1.3199999999999998,0.0,1.2999999999999998,0.0,1.3199999999999998,0.0
469,1.3300000000000005,0.0,1.3100000000000005,0.0,1.3300000000000005,0.0
470,1.3400000000000003,0.0,1.3200000000000003,0.0,1.3400000000000003,0.0
471,1.35,0.0,1.33,0.0,1.35,0.0
472,1.3599999999999999,0.0,1.3399999999999999,0.0,1.3599999999999999,0.0
473,1.3700000000000006,0.0,1.3500000000000005,0.0,1.3700000000000006,0.0
474,1.3800000000000003,0.0,1.3600000000000003,0.0,1.3800000000000003,0.0
475,1.3900000000000001,0.0,1.37,0.0,1.3900000000000001,0.0
476,1.4,0.0,1.38,0.0,1.4,0.0
477,1.4100000000000006,0.0,1.3900000000000006,0.0,1.4100000000000006,0.0
478,1.4200000000000004,0.0,1.4000000000000004,0.0,1.4200000000000004,0.0
479,1.4300000000000002,0.0,1.4100000000000001,0.0,1.4300000000000002,0.0
480,1.44,0.0,1.42,0.0,1.44,0.0
481,1.4500000000000006,0.0,1.4300000000000006,0.0,1.4500000000000006,0.0
482,1.4600000000000004,0.0,1.4400000000000004,0.0,1.4600000000000004,0.0
483,1.4700000000000002,0.0,1.4500000000000002,0.0,1.4700000000000002,0.0
484,1.48,0.0,1.46,0.0,1.48,0.0
485,1.4900000000000007,0.0,1.4700000000000006,0.0,1.4900000000000007,0.0
486,1.5000000000000004,0.0,1.4800000000000004,0.0,1.5000000000000004,0.0
487,1.5100000000000002,0.0,1.4900000000000002,0.0,1.5100000000000002,0.0
488,1.52,0.0,1.5,0.0,1.52,0.0
489,1.5299999999999998,0.0,1.5099999999999998,0.0,1.5299999999999998,0.0
490,1.5400000000000005,0.0,1.5200000000000005,0.0,1.5400000000000005,0.0
491,1.5500000000000003,0.0,1.5300000000000002,0.0,1.5500000000000003,0.0
492,1.56,0.0,1.54,0.0,1.56,0.0
493,1.5699999999999998,0.0,1.5499999999999998,0.0,1.5699999999999998,0.0
494,1.5800000000000005,0.0,1.5600000000000005,0.0,1.5800000000000005,0.0
495,1.5900000000000003,0.0,1.5700000000000003,0.0,1.5900000000000003,0.0
496,1.6,0.0,1.58,0.0,1.6,0.0
497,1.6099999999999999,0.0,1.5899999999999999,0.0,1.6099999999999999,0.0
498,1.6200000000000006,0.0,1.6000000000000005,0.0,1.6200000000000006,0.0
499,1.6300000000000003,0.0,1.6100000000000003,0.0,1.6300000000000003,0.0
500,1.6400000000000001,0.0,1.62,0.0,1.6400000000000001,0.0
501,1.65,0.0,1.63,0.0,1.65,0.0
502,1.6600000000000006,0.0,1.6400000000000006,0.0,1.6600000000000006,0.0
503,1.6700000000000004,0.0,1.6500000000000004,0.0,1.6700000000000004,0.0
504,1.6800000000000002,0.0,1.6600000000000001,0.0,1.6800000000000002,0.0
505,1.69,0.0,1.67,0.0,1.69,0.0
506,1.7000000000000006,0.0,1.6800000000000006,0.0,1.7000000000000006,0.0
507,1.7100000000000004,0.0,1.6900000000000004,0.0,1.7100000000000004,0.0
508,1.7200000000000002,0.0,1.7000000000000002,0.0,1.7200000000000002,0.0
509,1.73,0.0,1.71,0.0,1.73,0.0
510,1.7400000000000007,0.0,1.7200000000000006,0.0,1.7400000000000007,0.0
511,1.7500000000000004,0.0,1.7300000000000004,0.0,1.7500000000000004,0.0
512,1.7600000000000002,0.0,1.7400000000000002,0.0,1.7600000000000002,0.0
513,1.77,0.0,1.75,0.0,1.77,0.0
514,1.7799999999999998,0.0,1.7599999999999998,0.0,1.7799999999999998,0.0
515,1.7900000000000005,0.0,1.7700000000000005,0.0,1.7900000000000005,0.0
516,1.8000000000000003,0.0,1.7800000000000002,0.0,1.8000000000000003,0.0
517,1.81,0.0,1.79,0.0,1.81,0.0
518,1.8199999999999998,0.0,1.7999999999999998,0.0,1.8199999999999998,0.0
519,1.8300000000000005,0.0,1.8100000000000005,0.0,1.8300000000000005,0.0
520,1.8400000000000003,0.0,1.8200000000000003,0.0,1.8400000000000003,0.0
521,1.85,0.0,1.83,0.0,1.85,0.0
522,1.8599999999999999,0.0,1.8399999999999999,0.0,1.8599999999999999,0.0
523,1.8700000000000006,0.0,1.8500000000000005,0.0,1.8700000000000006,0.0
524,1.8800000000000003,0.0,1.8600000000000003,0.0,1.8800000000000003,0.0
525,1.8900000000000001,0.0,1.87,0.0,1.8900000000000001,0.0
526,1.9,0.0,1.88,0.0,1.9,0.0
527,1.9100000000000006,0.0,1.8900000000000006,0.0,1.9100000000000006,0.0
528,1.9200000000000004,0.0,1.9000000000000004,0.0,1.9200000000000004,0.0
529,1.9300000000000002,0.0,1.9100000000000001,0.0,1.9300000000000002,0.0
530,1.94,0.0,1.92,0.0,1.94,0.0
531,1.9500000000000006,0.0,1.9300000000000006,0.0,1.9500000000000006,0.0
532,1.9600000000000004,0.0,1.9400000000000004,0.0,1.9600000000000004,0.0
533,1.9700000000000002,0.0,1.9500000000000002,0.0,1.9700000000000002,0.0
534,1.98,0.0,1.96,0.0,1.98,0.0
535,1.9900000000000007,0.0,1.9700000000000006,0.0,1.9900000000000007,0.0
536,2.0000000000000004,0.0,1.9800000000000004,0.0,2.0000000000000004,0.0
537,2.0100000000000002,0.0,1.9900000000000002,0.0,2.0100000000000002,0.0
538,2.02,0.0,2.0,0.0,2.02,0.0
539,2.03,0.0,2.01,0.0,2.03,0.0
540,2.0400000000000005,0.0,2.0200000000000005,0.0,2.0400000000000005,0.0
541,2.0500000000000003,0.0,2.0300000000000002,0.0,2.0500000000000003,0.0
542,2.06,0.0,2.04,0.0,2.06,0.0
543,2.07,0.0,2.05,0.0,2.07,0.0
