,6 Hz_x,6 Hz_y,8 Hz_x,8 Hz_y,10 Hz_x,10 Hz_y,12 Hz_x,12 Hz_y,16 Hz_x,16 Hz_y
0,-2.94,0.0,-2.94,0.0,-2.94,0.0,-2.94,0.0,-2.94,0.0
1,-2.93,0.0,-2.93,0.0,-2.93,0.0,-2.93,0.0,-2.93,0.0
2,-2.92,0.0,-2.92,0.0,-2.92,0.0,-2.92,0.0,-2.92,0.0
3,-2.91,0.0,-2.91,0.0,-2.91,0.0,-2.91,0.0,-2.91,0.0
4,-2.9,0.0,-2.9,0.0,-2.9,0.0,-2.9,0.0,-2.9,0.0
5,-2.89,0.0,-2.89,0.0,-2.89,0.0,-2.89,0.0,-2.89,0.0
6,-2.88,0.0,-2.88,0.0,-2.88,0.0,-2.88,0.0,-2.88,0.0
7,-2.87,0.0,-2.87,0.0,-2.87,0.0,-2.87,0.0,-2.87,0.0
8,-2.86,0.0,-2.86,0.0,-2.86,0.0,-2.86,0.0,-2.86,0.0
9,-2.85,0.0,-2.85,0.0,-2.85,0.0,-2.85,0.0,-2.85,0.0
10,-2.84,0.0,-2.84,0.0,-2.84,0.0,-2.84,0.0,-2.84,0.0
11,-2.83,0.0,-2.83,0.0,-2.83,0.0,-2.83,0.0,-2.83,0.0
12,-2.82,0.0,-2.82,0.0,-2.82,0.0,-2.82,0.0,-2.82,0.0
13,-2.81,0.0,-2.81,0.0,-2.81,0.0,-2.81,0.0,-2.81,0.0
14,-2.8,0.0,-2.8,0.0,-2.8,0.0,-2.8,0.0,-2.8,0.0
15,-2.79,0.0,-2.79,0.0,-2.79,0.0,-2.79,0.0,-2.79,0.0
16,-2.78,0.0,-2.78,0.0,-2.78,0.0,-2.78,0.0,-2.78,0.0
17,-2.77,0.0,-2.77,0.0,-2.77,0.0,-2.77,0.0,-2.77,0.0
18,-2.76,0.0,-2.76,0.0,-2.76,0.0,-2.76,0.0,-2.76,0.0
19,-2.75,0.0,-2.75,0.0,-2.75,0.0,-2.75,0.0,-2.75,0.0
20,-2.7399999999999998,0.0,-2.7399999999999998,0.0,-2.7399999999999998,0.0,-2.7399999999999998,0.0,-2.7399999999999998,0.0
21,-2.73,0.0,-2.73,0.0,-2.73,0.0,-2.73,0.0,-2.73,0.0
22,-2.7199999999999998,0.0,-2.7199999999999998,0.0,-2.7199999999999998,0.0,-2.7199999999999998,0.0,-2.7199999999999998,0.0
23,-2.71,0.0,-2.71,0.0,-2.71,0.0,-2.71,0.0,-2.71,0.0
24,-2.7,0.0,-2.7,0.0,-2.7,0.0,-2.7,0.0,-2.7,0.0
25,-2.69,0.0,-2.69,0.0,-2.69,0.0,-2.69,0.0,-2.69,0.0
26,-2.6799999999999997,0.0,-2.6799999999999997,0.0,-2.6799999999999997,0.0,-2.6799999999999997,0.0,-2.6799999999999997,0.0
27,-2.67,0.0,-2.67,0.0,-2.67,0.0,-2.67,0.0,-2.67,0.0
28,-2.66,0.0,-2.66,0.0,-2.66,0.0,-2.66,0.0,-2.66,0.0
29,-2.65,0.0,-2.65,0.0,-2.65,0.0,-2.65,0.0,-2.65,0.0
30,-2.64,0.0,-2.64,0.0,-2.64,0.0,-2.64,0.0,-2.64,0.0
31,-2.63,0.0,-2.63,0.0,-2.63,0.0,-2.63,0.0,-2.63,0.0
32,-2.62,0.0,-2.62,0.0,-2.62,0.0,-2.62,0.0,-2.62,0.0
33,-2.61,0.0,-2.61,0.0,-2.61,0.0,-2.61,0.0,-2.61,0.0
34,-2.6,0.0,-2.6,0.0,-2.6,0.0,-2.6,0.0,-2.6,0.0
35,-2.59,0.0,-2.59,0.0,-2.59,0.0,-2.59,0.0,-2.59,0.0
36,-2.58,0.0,-2.58,0.0,-2.58,0.0,-2.58,0.0,-2.58,0.0
37,-2.57,0.0,-2.57,0.0,-2.57,0.0,-2.57,0.0,-2.57,0.0
38,-2.56,0.0,-2.56,0.0,-2.56,0.0,-2.56,0.0,-2.56,0.0
39,-2.55,0.0,-2.55,0.0,-2.55,0.0,-2.55,0.0,-2.55,0.0
40,-2.54,0.0,-2.54,0.0,-2.54,0.0,-2.54,0.0,-2.54,0.0
41,-2.53,0.0,-2.53,0.0,-2.53,0.0,-2.53,0.0,-2.53,0.0
42,-2.52,0.0,-2.52,0.0,-2.52,0.0,-2.52,0.0,-2.52,0.0
43,-2.51,0.0,-2.51,0.0,-2.51,0.0,-2.51,0.0,-2.51,0.0
44,-2.5,0.0,-2.5,0.0,-2.5,0.0,-2.5,0.0,-2.5,0.0
45,-2.4899999999999998,0.0,-2.4899999999999998,0.0,-2.4899999999999998,0.0,-2.4899999999999998,0.0,-2.4899999999999998,0.0
46,-2.48,0.0,-2.48,0.0,-2.48,0.0,-2.48,0.0,-2.48,0.0
47,-2.4699999999999998,0.0,-2.4699999999999998,0.0,-2.4699999999999998,0.0,-2.4699999999999998,0.0,-2.4699999999999998,0.0
48,-2.46,0.0,-2.46,0.0,-2.46,0.0,-2.46,0.0,-2.46,0.0
49,-2.45,0.0,-2.45,0.0,-2.45,0.0,-2.45,0.0,-2.45,0.0
50,-2.44,0.0,-2.44,0.0,-2.44,0.0,-2.44,0.0,-2.44,0.0
51,-2.4299999999999997,0.0,-2.4299999999999997,0.0,-2.4299999999999997,0.0,-2.4299999999999997,0.0,-2.4299999999999997,0.0
52,-2.42,0.0,-2.42,0.0,-2.42,0.0,-2.42,0.0,-2.42,0.0
53,-2.41,0.0,-2.41,0.0,-2.41,0.0,-2.41,0.0,-2.41,0.0
54,-2.4,0.0,-2.4,0.0,-2.4,0.0,-2.4,0.0,-2.4,0.0
55,-2.3899999999999997,0.0,-2.3899999999999997,0.0,-2.3899999999999997,0.0,-2.3899999999999997,0.0,-2.3899999999999997,0.0
56,-2.38,0.0,-2.38,0.0,-2.38,0.0,-2.38,0.0,-2.38,0.0
57,-2.37,0.0,-2.37,0.0,-2.37,0.0,-2.37,0.0,-2.37,0.0
58,-2.36,0.0,-2.36,0.0,-2.36,0.0,-2.36,0.0,-2.36,0.0
59,-2.35,0.0,-2.35,0.0,-2.35,0.0,-2.35,0.0,-2.35,0.0
60,-2.34,0.0,-2.34,0.0,-2.34,0.0,-2.34,0.0,-2.34,0.0
61,-2.33,0.0,-2.33,0.0,-2.33,0.0,-2.33,0.0,-2.33,0.0
62,-2.32,0.0,-2.32,0.0,-2.32,0.0,-2.32,0.0,-2.32,0.0
63,-2.31,0.0,-2.31,0.0,-2.31,0.0,-2.31,0.0,-2.31,0.0
64,-2.3,0.0,-2.3,0.0,-2.3,0.0,-2.3,0.0,-2.3,0.0
65,-2.29,0.0,-2.29,0.0,-2.29,0.0,-2.29,0.0,-2.29,0.0
66,-2.28,0.0,-2.28,0.0,-2.28,0.0,-2.28,0.0,-2.28,0.0
67,-2.27,0.0,-2.27,0.0,-2.27,0.0,-2.27,0.0,-2.27,0.0
68,-2.26,0.0,-2.26,0.0,-2.26,0.0,-2.26,0.0,-2.26,0.0
69,-2.25,0.0,-2.25,0.0,-2.25,0.0,-2.25,0.0,-2.25,0.0
70,-2.2399999999999998,0.0,-2.2399999999999998,0.0,-2.2399999999999998,0.0,-2.2399999999999998,0.0,-2.2399999999999998,0.0
71,-2.23,0.0,-2.23,0.0,-2.23,0.0,-2.23,0.0,-2.23,0.0
72,-2.2199999999999998,0.0,-2.2199999999999998,0.0,-2.2199999999999998,0.0,-2.2199999999999998,0.0,-2.2199999999999998,0.0
73,-2.21,0.0,-2.21,0.0,-2.21,0.0,-2.21,0.0,-2.21,0.0
74,-2.2,0.0,-2.2,0.0,-2.2,0.0,-2.2,0.0,-2.2,0.0
75,-2.19,0.0,-2.19,0.0,-2.19,0.0,-2.19,0.0,-2.19,0.0
76,-2.1799999999999997,0.0,-2.1799999999999997,0.0,-2.1799999999999997,0.0,-2.1799999999999997,0.0,-2.1799999999999997,0.0
77,-2.17,0.0,-2.17,0.0,-2.17,0.0,-2.17,0.0,-2.17,0.0
78,-2.16,0.0,-2.16,0.0,-2.16,0.0,-2.16,0.0,-2.16,0.0
79,-2.15,0.0,-2.15,0.0,-2.15,0.0,-2.15,0.0,-2.15,0.0
80,-2.1399999999999997,0.0,-2.1399999999999997,0.0,-2.1399999999999997,0.0,-2.1399999999999997,0.0,-2.1399999999999997,0.0
81,-2.13,0.0,-2.13,0.0,-2.13,0.0,-2.13,0.0,-2.13,0.0
82,-2.12,0.0,-2.12,0.0,-2.12,0.0,-2.12,0.0,-2.12,0.0
83,-2.11,0.0,-2.11,0.0,-2.11,0.0,-2.11,0.0,-2.11,0.0
84,-2.1,0.0,-2.1,0.0,-2.1,0.0,-2.1,0.0,-2.1,0.0
85,-2.09,0.0,-2.09,0.0,-2.09,0.0,-2.09,0.0,-2.09,0.0
86,-2.08,0.0,-2.08,0.0,-2.08,0.0,-2.08,0.0,-2.08,0.0
87,-2.07,0.0,-2.07,0.0,-2.07,0.0,-2.07,0.0,-2.07,0.0
88,-2.06,0.0,-2.06,0.0,-2.06,0.0,-2.06,0.0,-2.06,0.0
89,-2.05,0.0,-2.05,0.0,-2.05,0.0,-2.05,0.0,-2.05,0.0
90,-2.04,0.0,-2.04,0.0,-2.04,0.0,-2.04,0.0,-2.04,0.0
91,-2.03,0.0,-2.03,0.0,-2.03,0.0,-2.03,0.0,-2.03,0.0
92,-2.02,0.0,-2.02,0.0,-2.02,0.0,-2.02,0.0,-2.02,0.0
93,-2.01,0.0,-2.01,0.0,-2.01,0.0,-2.01,0.0,-2.01,0.0
94,-2.0,0.0,-2.0,0.0,-2.0,0.0,-2.0,0.0,-2.0,0.0
95,-1.9899999999999998,0.0,-1.9899999999999998,0.0,-1.9899999999999998,0.0,-1.9899999999999998,0.0,-1.9899999999999998,0.0
96,-1.98,0.0,-1.98,0.0,-1.98,0.0,-1.98,0.0,-1.98,0.0
97,-1.97,0.0,-1.97,0.0,-1.97,0.0,-1.97,0.0,-1.97,0.0
98,-1.96,0.0,-1.96,0.0,-1.96,0.0,-1.96,0.0,-1.96,0.0
99,-1.95,0.0,-1.95,0.0,-1.95,0.0,-1.95,0.0,-1.95,0.0
100,-1.94,0.0,-1.94,0.0,-1.94,0.0,-1.94,0.0,-1.94,0.0
101,-1.93,0.0,-1.93,0.0,-1.93,0.0,-1.93,0.0,-1.93,0.0
102,-1.92,0.0,-1.92,0.0,-1.92,0.0,-1.92,0.0,-1.92,0.0
103,-1.91,0.0,-1.91,0.0,-1.91,0.0,-1.91,0.0,-1.91,0.0
104,-1.9,0.0,-1.9,0.0,-1.9,0.0,-1.9,0.0,-1.9,0.0
105,-1.89,0.0,-1.89,0.0,-1.89,0.0,-1.89,0.0,-1.89,0.0
106,-1.88,0.0,-1.88,0.0,-1.88,0.0,-1.88,0.0,-1.88,0.0
107,-1.8699999999999999,0.0,-1.8699999999999999,0.0,-1.8699999999999999,0.0,-1.8699999999999999,0.0,-1.8699999999999999,0.0
108,-1.8599999999999999,0.0,-1.8599999999999999,0.0,-1.8599999999999999,0.0,-1.8599999999999999,0.0,-1.8599999999999999,0.0
109,-1.8499999999999999,0.0,-1.8499999999999999,0.0,-1.8499999999999999,0.0,-1.8499999999999999,0.0,-1.8499999999999999,0.0
110,-1.8399999999999999,0.0,-1.8399999999999999,0.0,-1.8399999999999999,0.0,-1.8399999999999999,0.0,-1.8399999999999999,0.0
111,-1.8299999999999998,0.0,-1.8299999999999998,0.0,-1.8299999999999998,0.0,-1.8299999999999998,0.0,-1.8299999999999998,0.0
112,-1.8199999999999998,0.0,-1.8199999999999998,0.0,-1.8199999999999998,0.0,-1.8199999999999998,0.0,-1.8199999999999998,0.0
113,-1.8099999999999998,0.0,-1.8099999999999998,0.0,-1.8099999999999998,0.0,-1.8099999999999998,0.0,-1.8099999999999998,0.0
114,-1.7999999999999998,0.0,-1.7999999999999998,0.0,-1.7999999999999998,0.0,-1.7999999999999998,0.0,-1.7999999999999998,0.0
115,-1.7899999999999998,0.0,-1.7899999999999998,0.0,-1.7899999999999998,0.0,-1.7899999999999998,0.0,-1.7899999999999998,0.0
116,-1.78,0.0,-1.78,0.0,-1.78,0.0,-1.78,0.0,-1.78,0.0
117,-1.77,0.0,-1.77,0.0,-1.77,0.0,-1.77,0.0,-1.77,0.0
118,-1.76,0.0,-1.76,0.0,-1.76,0.0,-1.76,0.0,-1.76,0.0
119,-1.75,0.0,-1.75,0.0,-1.75,0.0,-1.75,0.0,-1.75,0.0
120,-1.74,0.0,-1.74,0.0,-1.74,0.0,-1.74,0.0,-1.74,0.0
121,-1.73,0.0,-1.73,0.0,-1.73,0.0,-1.73,0.0,-1.73,0.0
122,-1.72,0.0,-1.72,0.0,-1.72,0.0,-1.72,0.0,-1.72,0.0
123,-1.71,0.0,-1.71,0.0,-1.71,0.0,-1.71,0.0,-1.71,0.0
124,-1.7,0.0,-1.7,0.0,-1.7,0.0,-1.7,0.0,-1.7,0.0
125,-1.69,0.0,-1.69,0.0,-1.69,0.0,-1.69,0.0,-1.69,0.0
126,-1.68,0.0,-1.68,0.0,-1.68,0.0,-1.68,0.0,-1.68,0.0
127,-1.67,0.0,-1.67,0.0,-1.67,0.0,-1.67,0.0,-1.67,0.0
128,-1.66,0.0,-1.66,0.0,-1.66,0.0,-1.66,0.0,-1.66,0.0
129,-1.65,0.0,-1.65,0.0,-1.65,0.0,-1.65,0.0,-1.65,0.0
130,-1.64,0.0,-1.64,0.0,-1.64,0.0,-1.64,0.0,-1.64,0.0
131,-1.63,0.0,-1.63,0.0,-1.63,0.0,-1.63,0.0,-1.63,0.0
132,-1.6199999999999999,0.0,-1.6199999999999999,0.0,-1.6199999999999999,0.0,-1.6199999999999999,0.0,-1.6199999999999999,0.0
133,-1.6099999999999999,0.0,-1.6099999999999999,0.0,-1.6099999999999999,0.0,-1.6099999999999999,0.0,-1.6099999999999999,0.0
134,-1.5999999999999999,0.0,-1.5999999999999999,0.0,-1.5999999999999999,0.0,-1.5999999999999999,0.0,-1.5999999999999999,0.0
135,-1.5899999999999999,0.0,-1.5899999999999999,0.0,-1.5899999999999999,0.0,-1.5899999999999999,0.0,-1.5899999999999999,0.0
136,-1.5799999999999998,0.0,-1.5799999999999998,0.0,-1.5799999999999998,0.0,-1.5799999999999998,0.0,-1.5799999999999998,0.0
137,-1.5699999999999998,0.0,-1.5699999999999998,0.0,-1.5699999999999998,0.0,-1.5699999999999998,0.0,-1.5699999999999998,0.0
138,-1.5599999999999998,0.0,-1.5599999999999998,0.0,-1.5599999999999998,0.0,-1.5599999999999998,0.0,-1.5599999999999998,0.0
139,-1.5499999999999998,0.0,-1.5499999999999998,0.0,-1.5499999999999998,0.0,-1.5499999999999998,0.0,-1.5499999999999998,0.0
140,-1.5399999999999998,0.0,-1.5399999999999998,0.0,-1.5399999999999998,0.0,-1.5399999999999998,0.0,-1.5399999999999998,0.0
141,-1.53,0.0,-1.53,0.0,-1.53,0.0,-1.53,0.0,-1.53,0.0
142,-1.52,0.0,-1.52,0.0,-1.52,0.0,-1.52,0.0,-1.52,0.0
143,-1.51,0.0,-1.51,0.0,-1.51,0.0,-1.51,0.0,-1.51,0.0
144,-1.5,0.0,-1.5,0.0,-1.5,0.0,-1.5,0.0,-1.5,0.0
145,-1.49,0.0,-1.49,0.0,-1.49,0.0,-1.49,0.0,-1.49,0.0
146,-1.48,0.0,-1.48,0.0,-1.48,0.0,-1.48,0.0,-1.48,0.0
147,-1.47,0.0,-1.47,0.0,-1.47,0.0,-1.47,0.0,-1.47,0.0
148,-1.46,0.0,-1.46,0.0,-1.46,0.0,-1.46,0.0,-1.46,0.0
149,-1.45,0.0,-1.45,0.0,-1.45,0.0,-1.45,0.0,-1.45,0.0
150,-1.44,0.0,-1.44,0.0,-1.44,0.0,-1.44,0.0,-1.44,0.0
151,-1.43,0.0,-1.43,0.0,-1.43,0.0,-1.43,0.0,-1.43,0.0
152,-1.42,0.0,-1.42,0.0,-1.42,0.0,-1.42,0.0,-1.42,0.0
153,-1.41,0.0,-1.41,0.0,-1.41,0.0,-1.41,0.0,-1.41,0.0
154,-1.4,0.0,-1.4,0.0,-1.4,0.0,-1.4,0.0,-1.4,0.0
155,-1.39,0.0,-1.39,0.0,-1.39,0.0,-1.39,0.0,-1.39,0.0
156,-1.38,0.0,-1.38,0.0,-1.38,0.0,-1.38,0.0,-1.38,0.0
157,-1.3699999999999999,0.0,-1.3699999999999999,0.0,-1.3699999999999999,0.0,-1.3699999999999999,0.0,-1.3699999999999999,0.0
158,-1.3599999999999999,0.0,-1.3599999999999999,0.0,-1.3599999999999999,0.0,-1.3599999999999999,0.0,-1.3599999999999999,0.0
159,-1.3499999999999999,0.0,-1.3499999999999999,0.0,-1.3499999999999999,0.0,-1.3499999999999999,0.0,-1.3499999999999999,0.0
160,-1.3399999999999999,0.0,-1.3399999999999999,0.0,-1.3399999999999999,0.0,-1.3399999999999999,0.0,-1.3399999999999999,0.0
161,-1.3299999999999998,0.0,-1.3299999999999998,0.0,-1.3299999999999998,0.0,-1.3299999999999998,0.0,-1.3299999999999998,0.0
162,-1.3199999999999998,0.0,-1.3199999999999998,0.0,-1.3199999999999998,0.0,-1.3199999999999998,0.0,-1.3199999999999998,0.0
163,-1.3099999999999998,0.0,-1.3099999999999998,0.0,-1.3099999999999998,0.0,-1.3099999999999998,0.0,-1.3099999999999998,0.0
164,-1.2999999999999998,0.0,-1.2999999999999998,0.0,-1.2999999999999998,0.0,-1.2999999999999998,0.0,-1.2999999999999998,0.0
165,-1.2899999999999998,0.0,-1.2899999999999998,0.0,-1.2899999999999998,0.0,-1.2899999999999998,0.0,-1.2899999999999998,0.0
166,-1.2799999999999998,0.0,-1.2799999999999998,0.0,-1.2799999999999998,0.0,-1.2799999999999998,0.0,-1.2799999999999998,0.0
167,-1.27,0.0,-1.27,0.0,-1.27,0.0,-1.27,0.0,-1.27,0.0
168,-1.26,0.0,-1.26,0.0,-1.26,0.0,-1.26,0.0,-1.26,0.0
169,-1.25,0.0,-1.25,0.0,-1.25,0.0,-1.25,0.0,-1.25,0.0
170,-1.24,0.0,-1.24,0.0,-1.24,0.0,-1.24,0.0,-1.24,0.0
171,-1.23,0.0,-1.23,0.0,-1.23,0.0,-1.23,0.0,-1.23,0.0
172,-1.22,0.0,-1.22,0.0,-1.22,0.0,-1.22,0.0,-1.22,0.0
173,-1.21,0.0,-1.21,0.0,-1.21,0.0,-1.21,0.0,-1.21,0.0
174,-1.2,0.0,-1.2,0.0,-1.2,0.0,-1.2,0.0,-1.2,0.0
175,-1.19,0.0,-1.19,0.0,-1.19,0.0,-1.19,0.0,-1.19,0.0
176,-1.18,0.0,-1.18,0.0,-1.18,0.0,-1.18,0.0,-1.18,0.0
177,-1.17,0.0,-1.17,0.0,-1.17,0.0,-1.17,0.0,-1.17,0.0
178,-1.16,0.0,-1.16,0.0,-1.16,0.0,-1.16,0.0,-1.16,0.0
179,-1.15,0.0,-1.15,0.0,-1.15,0.0,-1.15,0.0,-1.15,0.0
180,-1.14,0.0,-1.14,0.0,-1.14,0.0,-1.14,0.0,-1.14,0.0
181,-1.13,0.0,-1.13,0.0,-1.13,0.0,-1.13,0.0,-1.13,0.0
182,-1.1199999999999999,0.0,-1.1199999999999999,0.0,-1.1199999999999999,0.0,-1.1199999999999999,0.0,-1.1199999999999999,0.0
183,-1.1099999999999999,0.0,-1.1099999999999999,0.0,-1.1099999999999999,0.0,-1.1099999999999999,0.0,-1.1099999999999999,0.0
184,-1.0999999999999999,0.0,-1.0999999999999999,0.0,-1.0999999999999999,0.0,-1.0999999999999999,0.0,-1.0999999999999999,0.0
185,-1.0899999999999999,0.0,-1.0899999999999999,0.0,-1.0899999999999999,0.0,-1.0899999999999999,0.0,-1.0899999999999999,0.0
186,-1.0799999999999998,0.0,-1.0799999999999998,0.0,-1.0799999999999998,0.0,-1.0799999999999998,0.0,-1.0799999999999998,0.0
187,-1.0699999999999998,0.0,-1.0699999999999998,0.0,-1.0699999999999998,0.0,-1.0699999999999998,0.0,-1.0699999999999998,0.0
188,-1.0599999999999998,0.0,-1.0599999999999998,0.0,-1.0599999999999998,0.0,-1.0599999999999998,0.0,-1.0599999999999998,0.0
189,-1.0499999999999998,0.0,-1.0499999999999998,0.0,-1.0499999999999998,0.0,-1.0499999999999998,0.0,-1.0499999999999998,0.0
190,-1.0399999999999998,0.0,-1.0399999999999998,0.0,-1.0399999999999998,0.0,-1.0399999999999998,0.0,-1.0399999999999998,0.0
191,-1.0299999999999998,0.0,-1.0299999999999998,0.0,-1.0299999999999998,0.0,-1.0299999999999998,0.0,-1.0299999999999998,0.0
192,-1.02,0.0,-1.02,0.0,-1.02,0.0,-1.02,0.0,-1.02,0.0
193,-1.01,0.0,-1.01,0.0,-1.01,0.0,-1.01,0.0,-1.01,0.0
194,-1.0,0.0,-1.0,0.0,-1.0,0.0,-1.0,0.0,-1.0,0.0
195,-0.99,0.0,-0.99,0.0,-0.99,0.0,-0.99,0.0,-0.99,0.0
196,-0.98,0.0,-0.98,0.0,-0.98,0.0,-0.98,0.0,-0.98,0.0
197,-0.97,0.0,-0.97,0.0,-0.97,0.0,-0.97,0.0,-0.97,0.0
198,-0.96,0.0,-0.96,0.0,-0.96,0.0,-0.96,0.0,-0.96,0.0
199,-0.95,0.0,-0.95,0.0,-0.95,0.0,-0.95,0.0,-0.95,0.0
200,-0.94,0.0,-0.94,0.0,-0.94,0.0,-0.94,0.0,-0.94,0.0
201,-0.9299999999999997,0.0,-0.9299999999999997,0.0,-0.9299999999999997,0.0,-0.9299999999999997,0.0,-0.9299999999999997,0.0
202,-0.9199999999999999,0.0,-0.9199999999999999,0.0,-0.9199999999999999,0.0,-0.9199999999999999,0.0,-0.9199999999999999,0.0
203,-0.9099999999999997,0.0,-0.9099999999999997,0.0,-0.9099999999999997,0.0,-0.9099999999999997,0.0,-0.9099999999999997,0.0
204,-0.8999999999999999,0.0,-0.8999999999999999,0.0,-0.8999999999999999,0.0,-0.8999999999999999,0.0,-0.8999999999999999,0.0
205,-0.8900000000000001,0.0,-0.8900000000000001,0.0,-0.8900000000000001,0.0,-0.8900000000000001,0.0,-0.8900000000000001,0.0
206,-0.8799999999999999,0.0,-0.8799999999999999,0.0,-0.8799999999999999,0.0,-0.8799999999999999,0.0,-0.8799999999999999,0.0
207,-0.8700000000000001,0.0,-0.8700000000000001,0.0,-0.8700000000000001,0.0,-0.8700000000000001,0.0,-0.8700000000000001,0.0
208,-0.8599999999999999,0.0,-0.8599999999999999,0.0,-0.8599999999999999,0.0,-0.8599999999999999,0.0,-0.8599999999999999,0.0
209,-0.8500000000000001,0.0,-0.8500000000000001,0.0,-0.8500000000000001,0.0,-0.8500000000000001,0.0,-0.8500000000000001,0.0
210,-0.8399999999999999,0.0,-0.8399999999999999,0.0,-0.8399999999999999,0.0,-0.8399999999999999,0.0,-0.8399999999999999,0.0
211,-0.8300000000000001,0.0,-0.8300000000000001,0.0,-0.8300000000000001,0.0,-0.8300000000000001,0.0,-0.8300000000000001,0.0
212,-0.8199999999999998,0.0,-0.8199999999999998,0.0,-0.8199999999999998,0.0,-0.8199999999999998,0.0,-0.8199999999999998,0.0
213,-0.81,0.0,-0.81,0.0,-0.81,0.0,-0.81,0.0,-0.81,0.0
214,-0.7999999999999998,0.0,-0.7999999999999998,0.0,-0.7999999999999998,0.0,-0.7999999999999998,0.0,-0.7999999999999998,0.0
215,-0.79,0.0,-0.79,0.0,-0.79,0.0,-0.79,0.0,-0.79,0.0
216,-0.7799999999999998,0.0,-0.7799999999999998,0.0,-0.7799999999999998,0.0,-0.7799999999999998,0.0,-0.7799999999999998,0.0
217,-0.77,0.0,-0.77,0.0,-0.77,0.0,-0.77,0.0,-0.77,0.0
218,-0.7599999999999998,0.0,-0.7599999999999998,3.333333333333333,-0.7599999999999998,0.0,-0.7599999999999998,0.0,-0.7599999999999998,3.333333333333333
219,-0.75,0.0,-0.75,3.333333333333333,-0.75,0.0,-0.75,3.333333333333333,-0.75,3.333333333333333
220,-0.7399999999999998,3.333333333333333,-0.7399999999999998,3.333333333333333,-0.7399999999999998,0.0,-0.7399999999999998,3.333333333333333,-0.7399999999999998,3.333333333333333
221,-0.73,3.333333333333333,-0.73,3.333333333333333,-0.73,0.0,-0.73,3.333333333333333,-0.73,3.333333333333333
222,-0.7199999999999998,3.333333333333333,-0.7199999999999998,3.333333333333333,-0.7199999999999998,0.0,-0.7199999999999998,3.333333333333333,-0.7199999999999998,3.333333333333333
223,-0.71,3.333333333333333,-0.71,3.333333333333333,-0.71,0.0,-0.71,3.333333333333333,-0.71,6.666666666666666
224,-0.6999999999999997,6.666666666666666,-0.6999999999999997,3.333333333333333,-0.6999999999999997,3.333333333333333,-0.6999999999999997,3.333333333333333,-0.6999999999999997,6.666666666666666
225,-0.69,6.666666666666666,-0.69,3.333333333333333,-0.69,3.333333333333333,-0.69,3.333333333333333,-0.69,3.333333333333333
226,-0.6799999999999997,6.666666666666666,-0.6799999999999997,3.333333333333333,-0.6799999999999997,3.333333333333333,-0.6799999999999997,3.333333333333333,-0.6799999999999997,3.333333333333333
227,-0.6699999999999999,6.666666666666666,-0.6699999999999999,3.333333333333333,-0.6699999999999999,3.333333333333333,-0.6699999999999999,3.333333333333333,-0.6699999999999999,3.333333333333333
228,-0.6599999999999997,6.666666666666666,-0.6599999999999997,3.333333333333333,-0.6599999999999997,3.333333333333333,-0.6599999999999997,3.333333333333333,-0.6599999999999997,3.333333333333333
229,-0.6499999999999999,10.0,-0.6499999999999999,3.333333333333333,-0.6499999999999999,3.333333333333333,-0.6499999999999999,6.666666666666666,-0.6499999999999999,3.333333333333333
230,-0.6399999999999997,10.0,-0.6399999999999997,3.333333333333333,-0.6399999999999997,3.333333333333333,-0.6399999999999997,6.666666666666666,-0.6399999999999997,6.666666666666666
231,-0.6299999999999999,10.0,-0.6299999999999999,6.666666666666666,-0.6299999999999999,3.333333333333333,-0.6299999999999999,6.666666666666666,-0.6299999999999999,6.666666666666666
232,-0.6200000000000001,10.0,-0.6200000000000001,6.666666666666666,-0.6200000000000001,3.333333333333333,-0.6200000000000001,6.666666666666666,-0.6200000000000001,6.666666666666666
233,-0.6099999999999999,10.0,-0.6099999999999999,6.666666666666666,-0.6099999999999999,6.666666666666666,-0.6099999999999999,10.0,-0.6099999999999999,6.666666666666666
234,-0.6000000000000001,10.0,-0.6000000000000001,6.666666666666666,-0.6000000000000001,6.666666666666666,-0.6000000000000001,10.0,-0.6000000000000001,10.0
235,-0.5899999999999999,10.0,-0.5899999999999999,6.666666666666666,-0.5899999999999999,10.0,-0.5899999999999999,10.0,-0.5899999999999999,10.0
236,-0.5800000000000001,10.0,-0.5800000000000001,6.666666666666666,-0.5800000000000001,10.0,-0.5800000000000001,10.0,-0.5800000000000001,10.0
237,-0.5699999999999998,10.0,-0.5699999999999998,10.0,-0.5699999999999998,13.333333333333332,-0.5699999999999998,10.0,-0.5699999999999998,10.0
238,-0.56,10.0,-0.56,10.0,-0.56,13.333333333333332,-0.56,10.0,-0.56,10.0
239,-0.5499999999999998,10.0,-0.5499999999999998,10.0,-0.5499999999999998,13.333333333333332,-0.5499999999999998,10.0,-0.5499999999999998,10.0
240,-0.54,10.0,-0.54,10.0,-0.54,13.333333333333332,-0.54,6.666666666666666,-0.54,10.0
241,-0.5299999999999998,10.0,-0.5299999999999998,10.0,-0.5299999999999998,13.333333333333332,-0.5299999999999998,6.666666666666666,-0.5299999999999998,10.0
242,-0.52,10.0,-0.52,10.0,-0.52,13.333333333333332,-0.52,10.0,-0.52,10.0
243,-0.5099999999999998,10.0,-0.5099999999999998,10.0,-0.5099999999999998,13.333333333333332,-0.5099999999999998,10.0,-0.5099999999999998,10.0
244,-0.5,10.0,-0.5,6.666666666666666,-0.5,13.333333333333332,-0.5,10.0,-0.5,10.0
245,-0.48999999999999977,10.0,-0.48999999999999977,6.666666666666666,-0.48999999999999977,13.333333333333332,-0.48999999999999977,10.0,-0.48999999999999977,6.666666666666666
246,-0.48,10.0,-0.48,6.666666666666666,-0.48,13.333333333333332,-0.48,10.0,-0.48,6.666666666666666
247,-0.46999999999999975,6.666666666666666,-0.46999999999999975,6.666666666666666,-0.46999999999999975,13.333333333333332,-0.46999999999999975,10.0,-0.46999999999999975,6.666666666666666
248,-0.45999999999999996,6.666666666666666,-0.45999999999999996,6.666666666666666,-0.45999999999999996,13.333333333333332,-0.45999999999999996,6.666666666666666,-0.45999999999999996,6.666666666666666
249,-0.44999999999999973,6.666666666666666,-0.44999999999999973,6.666666666666666,-0.44999999999999973,10.0,-0.44999999999999973,6.666666666666666,-0.44999999999999973,6.666666666666666
250,-0.43999999999999995,6.666666666666666,-0.43999999999999995,3.333333333333333,-0.43999999999999995,10.0,-0.43999999999999995,6.666666666666666,-0.43999999999999995,6.666666666666666
251,-0.4299999999999997,6.666666666666666,-0.4299999999999997,3.333333333333333,-0.4299999999999997,10.0,-0.4299999999999997,6.666666666666666,-0.4299999999999997,6.666666666666666
252,-0.41999999999999993,6.666666666666666,-0.41999999999999993,3.333333333333333,-0.41999999999999993,10.0,-0.41999999999999993,6.666666666666666,-0.41999999999999993,3.333333333333333
253,-0.4099999999999997,3.333333333333333,-0.4099999999999997,3.333333333333333,-0.4099999999999997,6.666666666666666,-0.4099999999999997,3.333333333333333,-0.4099999999999997,3.333333333333333
254,-0.3999999999999999,3.333333333333333,-0.3999999999999999,3.333333333333333,-0.3999999999999999,6.666666666666666,-0.3999999999999999,3.333333333333333,-0.3999999999999999,3.333333333333333
255,-0.3899999999999997,3.333333333333333,-0.3899999999999997,3.333333333333333,-0.3899999999999997,6.666666666666666,-0.3899999999999997,3.333333333333333,-0.3899999999999997,3.333333333333333
256,-0.3799999999999999,3.333333333333333,-0.3799999999999999,3.333333333333333,-0.3799999999999999,3.333333333333333,-0.3799999999999999,3.333333333333333,-0.3799999999999999,3.333333333333333
257,-0.3700000000000001,3.333333333333333,-0.3700000000000001,3.333333333333333,-0.3700000000000001,3.333333333333333,-0.3700000000000001,3.333333333333333,-0.3700000000000001,3.333333333333333
258,-0.3599999999999999,3.333333333333333,-0.3599999999999999,3.333333333333333,-0.3599999999999999,3.333333333333333,-0.3599999999999999,3.333333333333333,-0.3599999999999999,3.333333333333333
259,-0.3500000000000001,3.333333333333333,-0.3500000000000001,0.0,-0.3500000000000001,3.333333333333333,-0.3500000000000001,3.333333333333333,-0.3500000000000001,3.333333333333333
260,-0.33999999999999986,3.333333333333333,-0.33999999999999986,0.0,-0.33999999999999986,3.333333333333333,-0.33999999999999986,3.333333333333333,-0.33999999999999986,3.333333333333333
261,-0.33000000000000007,0.0,-0.33000000000000007,0.0,-0.33000000000000007,3.333333333333333,-0.33000000000000007,3.333333333333333,-0.33000000000000007,0.0
262,-0.31999999999999984,0.0,-0.31999999999999984,0.0,-0.31999999999999984,3.333333333333333,-0.31999999999999984,3.333333333333333,-0.31999999999999984,0.0
263,-0.31000000000000005,0.0,-0.31000000000000005,0.0,-0.31000000000000005,3.333333333333333,-0.31000000000000005,3.333333333333333,-0.31000000000000005,0.0
264,-0.2999999999999998,0.0,-0.2999999999999998,0.0,-0.2999999999999998,3.333333333333333,-0.2999999999999998,3.333333333333333,-0.2999999999999998,0.0
265,-0.29000000000000004,0.0,-0.29000000000000004,0.0,-0.29000000000000004,3.333333333333333,-0.29000000000000004,3.333333333333333,-0.29000000000000004,0.0
266,-0.2799999999999998,0.0,-0.2799999999999998,0.0,-0.2799999999999998,3.333333333333333,-0.2799999999999998,3.333333333333333,-0.2799999999999998,0.0
267,-0.27,0.0,-0.27,0.0,-0.27,3.333333333333333,-0.27,3.333333333333333,-0.27,0.0
268,-0.2599999999999998,0.0,-0.2599999999999998,0.0,-0.2599999999999998,0.0,-0.2599999999999998,3.333333333333333,-0.2599999999999998,0.0
269,-0.25,0.0,-0.25,0.0,-0.25,0.0,-0.25,0.0,-0.25,0.0
270,-0.23999999999999977,0.0,-0.23999999999999977,0.0,-0.23999999999999977,0.0,-0.23999999999999977,0.0,-0.23999999999999977,0.0
271,-0.22999999999999998,0.0,-0.22999999999999998,0.0,-0.22999999999999998,0.0,-0.22999999999999998,0.0,-0.22999999999999998,0.0
272,-0.21999999999999975,0.0,-0.21999999999999975,0.0,-0.21999999999999975,0.0,-0.21999999999999975,0.0,-0.21999999999999975,0.0
273,-0.20999999999999996,0.0,-0.20999999999999996,0.0,-0.20999999999999996,0.0,-0.20999999999999996,0.0,-0.20999999999999996,0.0
274,-0.19999999999999973,0.0,-0.19999999999999973,0.0,-0.19999999999999973,0.0,-0.19999999999999973,0.0,-0.19999999999999973,0.0
275,-0.18999999999999995,0.0,-0.18999999999999995,0.0,-0.18999999999999995,0.0,-0.18999999999999995,0.0,-0.18999999999999995,0.0
276,-0.17999999999999972,0.0,-0.17999999999999972,0.0,-0.17999999999999972,0.0,-0.17999999999999972,0.0,-0.17999999999999972,0.0
277,-0.16999999999999993,0.0,-0.16999999999999993,0.0,-0.16999999999999993,0.0,-0.16999999999999993,0.0,-0.16999999999999993,0.0
278,-0.1599999999999997,0.0,-0.1599999999999997,0.0,-0.1599999999999997,0.0,-0.1599999999999997,0.0,-0.1599999999999997,0.0
279,-0.1499999999999999,0.0,-0.1499999999999999,0.0,-0.1499999999999999,0.0,-0.1499999999999999,0.0,-0.1499999999999999,0.0
280,-0.13999999999999968,0.0,-0.13999999999999968,0.0,-0.13999999999999968,0.0,-0.13999999999999968,0.0,-0.13999999999999968,0.0
281,-0.1299999999999999,0.0,-0.1299999999999999,0.0,-0.1299999999999999,0.0,-0.1299999999999999,0.0,-0.1299999999999999,0.0
282,-0.1200000000000001,0.0,-0.1200000000000001,0.0,-0.1200000000000001,0.0,-0.1200000000000001,0.0,-0.1200000000000001,0.0
283,-0.10999999999999988,0.0,-0.10999999999999988,0.0,-0.10999999999999988,0.0,-0.10999999999999988,0.0,-0.10999999999999988,0.0
284,-0.10000000000000009,0.0,-0.10000000000000009,0.0,-0.10000000000000009,0.0,-0.10000000000000009,0.0,-0.10000000000000009,0.0
285,-0.08999999999999986,0.0,-0.08999999999999986,0.0,-0.08999999999999986,0.0,-0.08999999999999986,0.0,-0.08999999999999986,0.0
286,-0.08000000000000007,0.0,-0.08000000000000007,0.0,-0.08000000000000007,0.0,-0.08000000000000007,0.0,-0.08000000000000007,0.0
287,-0.06999999999999984,0.0,-0.06999999999999984,0.0,-0.06999999999999984,0.0,-0.06999999999999984,0.0,-0.06999999999999984,0.0
288,-0.06000000000000005,0.0,-0.06000000000000005,0.0,-0.06000000000000005,0.0,-0.06000000000000005,0.0,-0.06000000000000005,0.0
289,-0.04999999999999982,0.0,-0.04999999999999982,0.0,-0.04999999999999982,0.0,-0.04999999999999982,0.0,-0.04999999999999982,0.0
290,-0.040000000000000036,0.0,-0.040000000000000036,0.0,-0.040000000000000036,0.0,-0.040000000000000036,0.0,-0.040000000000000036,0.0
291,-0.029999999999999805,0.0,-0.029999999999999805,0.0,-0.029999999999999805,0.0,-0.029999999999999805,0.0,-0.029999999999999805,0.0
292,-0.020000000000000018,0.0,-0.020000000000000018,0.0,-0.020000000000000018,0.0,-0.020000000000000018,0.0,-0.020000000000000018,0.0
293,-0.009999999999999787,0.0,-0.009999999999999787,0.0,-0.009999999999999787,0.0,-0.009999999999999787,0.0,-0.009999999999999787,0.0
294,0.0,0.0,0.0,0.0,0.0,0.0,0.0,0.0,0.0,0.0
295,0.010000000000000231,0.0,0.010000000000000231,0.0,0.010000000000000231,0.0,0.010000000000000231,0.0,0.010000000000000231,0.0
296,0.020000000000000018,0.0,0.020000000000000018,0.0,0.020000000000000018,0.0,0.020000000000000018,0.0,0.020000000000000018,0.0
297,0.03000000000000025,0.0,0.03000000000000025,0.0,0.03000000000000025,0.0,0.03000000000000025,0.0,0.03000000000000025,0.0
298,0.040000000000000036,0.0,0.040000000000000036,0.0,0.040000000000000036,0.0,0.040000000000000036,0.0,0.040000000000000036,0.0
299,0.050000000000000266,3.333333333333333,0.050000000000000266,3.333333333333333,0.050000000000000266,3.333333333333333,0.050000000000000266,3.333333333333333,0.050000000000000266,3.333333333333333
300,0.06000000000000005,6.666666666666666,0.06000000000000005,6.666666666666666,0.06000000000000005,6.666666666666666,0.06000000000000005,6.666666666666666,0.06000000000000005,6.666666666666666
301,0.07000000000000028,13.333333333333332,0.07000000000000028,13.333333333333332,0.07000000000000028,13.333333333333332,0.07000000000000028,13.333333333333332,0.07000000000000028,13.333333333333332
302,0.08000000000000007,23.333333333333332,0.08000000000000007,23.333333333333332,0.08000000000000007,23.333333333333332,0.08000000000000007,23.333333333333332,0.08000000000000007,23.333333333333332
303,0.0900000000000003,36.666666666666664,0.0900000000000003,33.33333333333333,0.0900000000000003,36.666666666666664,0.0900000000000003,36.666666666666664,0.0900000000000003,36.666666666666664
304,0.10000000000000009,50.0,0.10000000000000009,50.0,0.10000000000000009,50.0,0.10000000000000009,53.33333333333333,0.10000000000000009,50.0
305,0.11000000000000032,66.66666666666666,0.11000000000000032,63.33333333333333,0.11000000000000032,66.66666666666666,0.11000000000000032,66.66666666666666,0.11000000000000032,66.66666666666666
306,0.1200000000000001,76.66666666666667,0.1200000000000001,73.33333333333333,0.1200000000000001,80.0,0.1200000000000001,80.0,0.1200000000000001,76.66666666666667
307,0.13000000000000034,83.33333333333333,0.13000000000000034,80.0,0.13000000000000034,83.33333333333333,0.13000000000000034,86.66666666666667,0.13000000000000034,83.33333333333333
308,0.14000000000000012,83.33333333333333,0.14000000000000012,80.0,0.14000000000000012,83.33333333333333,0.14000000000000012,83.33333333333333,0.14000000000000012,80.0
309,0.1499999999999999,76.66666666666667,0.1499999999999999,73.33333333333333,0.1499999999999999,76.66666666666667,0.1499999999999999,76.66666666666667,0.1499999999999999,73.33333333333333
310,0.16000000000000014,66.66666666666666,0.16000000000000014,63.33333333333333,0.16000000000000014,66.66666666666666,0.16000000000000014,66.66666666666666,0.16000000000000014,63.33333333333333
311,0.16999999999999993,53.33333333333333,0.16999999999999993,50.0,0.16999999999999993,53.33333333333333,0.16999999999999993,53.33333333333333,0.16999999999999993,50.0
312,0.18000000000000016,43.333333333333336,0.18000000000000016,40.0,0.18000000000000016,43.333333333333336,0.18000000000000016,43.333333333333336,0.18000000000000016,40.0
313,0.18999999999999995,33.33333333333333,0.18999999999999995,33.33333333333333,0.18999999999999995,33.33333333333333,0.18999999999999995,33.33333333333333,0.18999999999999995,30.0
314,0.20000000000000018,26.666666666666664,0.20000000000000018,26.666666666666664,0.20000000000000018,30.0,0.20000000000000018,30.0,0.20000000000000018,23.333333333333332
315,0.20999999999999996,20.0,0.20999999999999996,23.333333333333332,0.20999999999999996,23.333333333333332,0.20999999999999996,23.333333333333332,0.20999999999999996,20.0
316,0.2200000000000002,16.666666666666664,0.2200000000000002,20.0,0.2200000000000002,23.333333333333332,0.2200000000000002,20.0,0.2200000000000002,16.666666666666664
317,0.22999999999999998,13.333333333333332,0.22999999999999998,20.0,0.22999999999999998,20.0,0.22999999999999998,20.0,0.22999999999999998,16.666666666666664
318,0.2400000000000002,13.333333333333332,0.2400000000000002,16.666666666666664,0.2400000000000002,20.0,0.2400000000000002,16.666666666666664,0.2400000000000002,16.666666666666664
319,0.25,13.333333333333332,0.25,16.666666666666664,0.25,16.666666666666664,0.25,16.666666666666664,0.25,16.666666666666664
320,0.26000000000000023,13.333333333333332,0.26000000000000023,16.666666666666664,0.26000000000000023,16.666666666666664,0.26000000000000023,13.333333333333332,0.26000000000000023,16.666666666666664
321,0.27,13.333333333333332,0.27,16.666666666666664,0.27,13.333333333333332,0.27,13.333333333333332,0.27,16.666666666666664
322,0.28000000000000025,13.333333333333332,0.28000000000000025,16.666666666666664,0.28000000000000025,13.333333333333332,0.28000000000000025,13.333333333333332,0.28000000000000025,16.666666666666664
323,0.29000000000000004,13.333333333333332,0.29000000000000004,16.666666666666664,0.29000000000000004,13.333333333333332,0.29000000000000004,13.333333333333332,0.29000000000000004,16.666666666666664
324,0.30000000000000027,13.333333333333332,0.30000000000000027,20.0,0.30000000000000027,13.333333333333332,0.30000000000000027,13.333333333333332,0.30000000000000027,20.0
325,0.31000000000000005,16.666666666666664,0.31000000000000005,20.0,0.31000000000000005,16.666666666666664,0.31000000000000005,13.333333333333332,0.31000000000000005,20.0
326,0.3200000000000003,20.0,0.3200000000000003,23.333333333333332,0.3200000000000003,20.0,0.3200000000000003,16.666666666666664,0.3200000000000003,23.333333333333332
327,0.33000000000000007,26.666666666666664,0.33000000000000007,26.666666666666664,0.33000000000000007,26.666666666666664,0.33000000000000007,20.0,0.33000000000000007,26.666666666666664
328,0.3400000000000003,30.0,0.3400000000000003,30.0,0.3400000000000003,33.33333333333333,0.3400000000000003,23.333333333333332,0.3400000000000003,33.33333333333333
329,0.3500000000000001,33.33333333333333,0.3500000000000001,33.33333333333333,0.3500000000000001,36.666666666666664,0.3500000000000001,26.666666666666664,0.3500000000000001,36.666666666666664
330,0.3600000000000003,36.666666666666664,0.3600000000000003,36.666666666666664,0.3600000000000003,43.333333333333336,0.3600000000000003,33.33333333333333,0.3600000000000003,40.0
331,0.3700000000000001,36.666666666666664,0.3700000000000001,36.666666666666664,0.3700000000000001,46.666666666666664,0.3700000000000001,36.666666666666664,0.3700000000000001,40.0
332,0.38000000000000034,36.666666666666664,0.38000000000000034,36.666666666666664,0.38000000000000034,46.666666666666664,0.38000000000000034,36.666666666666664,0.38000000000000034,40.0
333,0.3900000000000001,36.666666666666664,0.3900000000000001,33.33333333333333,0.3900000000000001,43.333333333333336,0.3900000000000001,40.0,0.3900000000000001,36.666666666666664
334,0.3999999999999999,33.33333333333333,0.3999999999999999,33.33333333333333,0.3999999999999999,40.0,0.3999999999999999,36.666666666666664,0.3999999999999999,33.33333333333333
335,0.41000000000000014,30.0,0.41000000000000014,30.0,0.41000000000000014,33.33333333333333,0.41000000000000014,36.666666666666664,0.41000000000000014,30.0
336,0.41999999999999993,26.666666666666664,0.41999999999999993,26.666666666666664,0.41999999999999993,26.666666666666664,0.41999999999999993,33.33333333333333,0.41999999999999993,26.666666666666664
337,0.43000000000000016,23.333333333333332,0.43000000000000016,23.333333333333332,0.43000000000000016,20.0,0.43000000000000016,26.666666666666664,0.43000000000000016,20.0
338,0.43999999999999995,16.666666666666664,0.43999999999999995,16.666666666666664,0.43999999999999995,16.666666666666664,0.43999999999999995,23.333333333333332,0.43999999999999995,16.666666666666664
339,0.4500000000000002,13.333333333333332,0.4500000000000002,13.333333333333332,0.4500000000000002,10.0,0.4500000000000002,16.666666666666664,0.4500000000000002,13.333333333333332
340,0.45999999999999996,10.0,0.45999999999999996,10.0,0.45999999999999996,6.666666666666666,0.45999999999999996,13.333333333333332,0.45999999999999996,6.666666666666666
341,0.4700000000000002,6.666666666666666,0.4700000000000002,6.666666666666666,0.4700000000000002,3.333333333333333,0.4700000000000002,10.0,0.4700000000000002,6.666666666666666
342,0.48,3.333333333333333,0.48,3.333333333333333,0.48,0.0,0.48,6.666666666666666,0.48,3.333333333333333
343,0.4900000000000002,0.0,0.4900000000000002,3.333333333333333,0.4900000000000002,0.0,0.4900000000000002,3.333333333333333,0.4900000000000002,0.0
344,0.5,0.0,0.5,0.0,0.5,0.0,0.5,0.0,0.5,0.0
345,0.5100000000000002,0.0,0.5100000000000002,0.0,0.5100000000000002,0.0,0.5100000000000002,0.0,0.5100000000000002,0.0
346,0.52,0.0,0.52,0.0,0.52,0.0,0.52,0.0,0.52,0.0
347,0.5300000000000002,0.0,0.5300000000000002,0.0,0.5300000000000002,0.0,0.5300000000000002,0.0,0.5300000000000002,0.0
348,0.54,0.0,0.54,0.0,0.54,0.0,0.54,0.0,0.54,0.0
349,0.5500000000000003,0.0,0.5500000000000003,0.0,0.5500000000000003,0.0,0.5500000000000003,0.0,0.5500000000000003,0.0
350,0.56,0.0,0.56,0.0,0.56,0.0,0.56,0.0,0.56,0.0
351,0.5700000000000003,0.0,0.5700000000000003,0.0,0.5700000000000003,0.0,0.5700000000000003,0.0,0.5700000000000003,0.0
352,0.5800000000000001,0.0,0.5800000000000001,0.0,0.5800000000000001,0.0,0.5800000000000001,0.0,0.5800000000000001,0.0
353,0.5900000000000003,0.0,0.5900000000000003,0.0,0.5900000000000003,0.0,0.5900000000000003,0.0,0.5900000000000003,0.0
354,0.6000000000000001,0.0,0.6000000000000001,0.0,0.6000000000000001,0.0,0.6000000000000001,0.0,0.6000000000000001,0.0
355,0.6100000000000003,0.0,0.6100000000000003,0.0,0.6100000000000003,0.0,0.6100000000000003,0.0,0.6100000000000003,0.0
356,0.6200000000000001,0.0,0.6200000000000001,0.0,0.6200000000000001,0.0,0.6200000000000001,0.0,0.6200000000000001,0.0
357,0.6300000000000003,0.0,0.6300000000000003,0.0,0.6300000000000003,0.0,0.6300000000000003,0.0,0.6300000000000003,0.0
358,0.6400000000000001,0.0,0.6400000000000001,0.0,0.6400000000000001,0.0,0.6400000000000001,0.0,0.6400000000000001,0.0
359,0.6499999999999999,0.0,0.6499999999999999,0.0,0.6499999999999999,0.0,0.6499999999999999,0.0,0.6499999999999999,0.0
360,0.6600000000000001,0.0,0.6600000000000001,0.0,0.6600000000000001,0.0,0.6600000000000001,0.0,0.6600000000000001,0.0
361,0.6699999999999999,0.0,0.6699999999999999,0.0,0.6699999999999999,0.0,0.6699999999999999,0.0,0.6699999999999999,0.0
362,0.6800000000000002,0.0,0.6800000000000002,0.0,0.6800000000000002,0.0,0.6800000000000002,0.0,0.6800000000000002,0.0
363,0.69,0.0,0.69,0.0,0.69,0.0,0.69,0.0,0.69,0.0
364,0.7000000000000002,0.0,0.7000000000000002,0.0,0.7000000000000002,0.0,0.7000000000000002,0.0,0.7000000000000002,0.0
365,0.71,0.0,0.71,0.0,0.71,0.0,0.71,0.0,0.71,0.0
366,0.7200000000000002,0.0,0.7200000000000002,0.0,0.7200000000000002,0.0,0.7200000000000002,0.0,0.7200000000000002,0.0
367,0.73,0.0,0.73,0.0,0.73,0.0,0.73,0.0,0.73,0.0
368,0.7400000000000002,0.0,0.7400000000000002,0.0,0.7400000000000002,0.0,0.7400000000000002,0.0,0.7400000000000002,0.0
369,0.75,0.0,0.75,0.0,0.75,0.0,0.75,0.0,0.75,0.0
370,0.7600000000000002,0.0,0.7600000000000002,0.0,0.7600000000000002,0.0,0.7600000000000002,0.0,0.7600000000000002,0.0
371,0.77,0.0,0.77,0.0,0.77,0.0,0.77,0.0,0.77,0.0
372,0.7800000000000002,0.0,0.7800000000000002,0.0,0.7800000000000002,0.0,0.7800000000000002,0.0,0.7800000000000002,0.0
373,0.79,0.0,0.79,0.0,0.79,0.0,0.79,0.0,0.79,0.0
374,0.8000000000000003,0.0,0.8000000000000003,0.0,0.8000000000000003,0.0,0.8000000000000003,0.0,0.8000000000000003,0.0
375,0.81,0.0,0.81,0.0,0.81,0.0,0.81,0.0,0.81,0.0
376,0.8200000000000003,0.0,0.8200000000000003,0.0,0.8200000000000003,0.0,0.8200000000000003,0.0,0.8200000000000003,0.0
377,0.8300000000000001,0.0,0.8300000000000001,0.0,0.8300000000000001,0.0,0.8300000000000001,0.0,0.8300000000000001,0.0
378,0.8400000000000003,0.0,0.8400000000000003,0.0,0.8400000000000003,0.0,0.8400000000000003,0.0,0.8400000000000003,0.0
379,0.8500000000000001,0.0,0.8500000000000001,0.0,0.8500000000000001,0.0,0.8500000000000001,0.0,0.8500000000000001,0.0
380,0.8600000000000003,0.0,0.8600000000000003,0.0,0.8600000000000003,0.0,0.8600000000000003,0.0,0.8600000000000003,0.0
381,0.8700000000000001,0.0,0.8700000000000001,0.0,0.8700000000000001,0.0,0.8700000000000001,0.0,0.8700000000000001,0.0
382,0.8800000000000003,0.0,0.8800000000000003,0.0,0.8800000000000003,0.0,0.8800000000000003,0.0,0.8800000000000003,0.0
383,0.8900000000000001,0.0,0.8900000000000001,0.0,0.8900000000000001,0.0,0.8900000000000001,0.0,0.8900000000000001,0.0
384,0.8999999999999999,0.0,0.8999999999999999,0.0,0.8999999999999999,0.0,0.8999999999999999,0.0,0.8999999999999999,0.0
385,0.9100000000000001,0.0,0.9100000000000001,0.0,0.9100000000000001,0.0,0.9100000000000001,0.0,0.9100000000000001,0.0
386,0.9199999999999999,0.0,0.9199999999999999,0.0,0.9199999999999999,0.0,0.9199999999999999,0.0,0.9199999999999999,0.0
387,0.9300000000000002,0.0,0.9300000000000002,0.0,0.9300000000000002,0.0,0.9300000000000002,0.0,0.9300000000000002,0.0
388,0.94,0.0,0.94,0.0,0.94,0.0,0.94,0.0,0.94,0.0
389,0.9500000000000002,0.0,0.9500000000000002,0.0,0.9500000000000002,0.0,0.9500000000000002,0.0,0.9500000000000002,0.0
390,0.96,0.0,0.96,0.0,0.96,0.0,0.96,0.0,0.96,0.0
391,0.9700000000000002,0.0,0.9700000000000002,0.0,0.9700000000000002,0.0,0.9700000000000002,0.0,0.9700000000000002,0.0
392,0.98,0.0,0.98,0.0,0.98,0.0,0.98,0.0,0.98,0.0
393,0.9900000000000002,0.0,0.9900000000000002,0.0,0.9900000000000002,0.0,0.9900000000000002,0.0,0.9900000000000002,0.0
394,1.0,0.0,1.0,0.0,1.0,0.0,1.0,0.0,1.0,0.0
395,1.0100000000000002,0.0,1.0100000000000002,0.0,1.0100000000000002,0.0,1.0100000000000002,0.0,1.0100000000000002,0.0
396,1.02,0.0,1.02,0.0,1.02,0.0,1.02,0.0,1.02,0.0
397,1.0300000000000002,0.0,1.0300000000000002,0.0,1.0300000000000002,0.0,1.0300000000000002,0.0,1.0300000000000002,0.0
398,1.04,0.0,1.04,0.0,1.04,0.0,1.04,0.0,1.04,0.0
399,1.0500000000000003,0.0,1.0500000000000003,0.0,1.0500000000000003,0.0,1.0500000000000003,0.0,1.0500000000000003,0.0
400,1.06,0.0,1.06,0.0,1.06,0.0,1.06,0.0,1.06,0.0
401,1.0699999999999998,0.0,1.0699999999999998,0.0,1.0699999999999998,0.0,1.0699999999999998,0.0,1.0699999999999998,0.0
402,1.0800000000000005,0.0,1.0800000000000005,0.0,1.0800000000000005,0.0,1.0800000000000005,0.0,1.0800000000000005,0.0
403,1.0900000000000003,0.0,1.0900000000000003,0.0,1.0900000000000003,0.0,1.0900000000000003,0.0,1.0900000000000003,0.0
404,1.1,0.0,1.1,0.0,1.1,0.0,1.1,0.0,1.1,0.0
405,1.1099999999999999,0.0,1.1099999999999999,0.0,1.1099999999999999,0.0,1.1099999999999999,0.0,1.1099999999999999,0.0
406,1.1200000000000006,0.0,1.1200000000000006,0.0,1.1200000000000006,0.0,1.1200000000000006,0.0,1.1200000000000006,0.0
407,1.1300000000000003,0.0,1.1300000000000003,0.0,1.1300000000000003,0.0,1.1300000000000003,0.0,1.1300000000000003,0.0
408,1.1400000000000001,0.0,1.1400000000000001,0.0,1.1400000000000001,0.0,1.1400000000000001,0.0,1.1400000000000001,0.0
409,1.15,0.0,1.15,0.0,1.15,0.0,1.15,0.0,1.15,0.0
410,1.1599999999999997,0.0,1.1599999999999997,0.0,1.1599999999999997,0.0,1.1599999999999997,0.0,1.1599999999999997,0.0
411,1.1700000000000004,0.0,1.1700000000000004,0.0,1.1700000000000004,0.0,1.1700000000000004,0.0,1.1700000000000004,0.0
412,1.1800000000000002,0.0,1.1800000000000002,0.0,1.1800000000000002,0.0,1.1800000000000002,0.0,1.1800000000000002,0.0
413,1.19,0.0,1.19,0.0,1.19,0.0,1.19,0.0,1.19,0.0
414,1.1999999999999997,0.0,1.1999999999999997,0.0,1.1999999999999997,0.0,1.1999999999999997,0.0,1.1999999999999997,0.0
415,1.2100000000000004,0.0,1.2100000000000004,0.0,1.2100000000000004,0.0,1.2100000000000004,0.0,1.2100000000000004,0.0
416,1.2200000000000002,0.0,1.2200000000000002,0.0,1.2200000000000002,0.0,1.2200000000000002,0.0,1.2200000000000002,0.0
417,1.23,0.0,1.23,0.0,1.23,0.0,1.23,0.0,1.23,0.0
418,1.2399999999999998,0.0,1.2399999999999998,0.0,1.2399999999999998,0.0,1.2399999999999998,0.0,1.2399999999999998,0.0
419,1.2500000000000004,0.0,1.2500000000000004,0.0,1.2500000000000004,0.0,1.2500000000000004,0.0,1.2500000000000004,0.0
420,1.2600000000000002,0.0,1.2600000000000002,0.0,1.2600000000000002,0.0,1.2600000000000002,0.0,1.2600000000000002,0.0
421,1.27,0.0,1.27,0.0,1.27,0.0,1.27,0.0,1.27,0.0
422,1.2799999999999998,0.0,1.2799999999999998,0.0,1.2799999999999998,0.0,1.2799999999999998,0.0,1.2799999999999998,0.0
423,1.2900000000000005,0.0,1.2900000000000005,0.0,1.2900000000000005,0.0,1.2900000000000005,0.0,1.2900000000000005,0.0
424,1.3000000000000003,0.0,1.3000000000000003,0.0,1.3000000000000003,0.0,1.3000000000000003,0.0,1.3000000000000003,0.0
425,1.31,0.0,1.31,0.0,1.31,0.0,1.31,0.0,1.31,0.0
426,1.3199999999999998,0.0,1.3199999999999998,0.0,1.3199999999999998,0.0,1.3199999999999998,0.0,1.3199999999999998,0.0
427,1.3300000000000005,0.0,1.3300000000000005,0.0,1.3300000000000005,0.0,1.3300000000000005,0.0,1.3300000000000005,0.0
428,1.3400000000000003,0.0,1.3400000000000003,0.0,1.3400000000000003,0.0,1.3400000000000003,0.0,1.3400000000000003,0.0
429,1.35,0.0,1.35,0.0,1.35,0.0,1.35,0.0,1.35,0.0
430,1.3599999999999999,0.0,1.3599999999999999,0.0,1.3599999999999999,0.0,1.3599999999999999,0.0,1.3599999999999999,0.0
431,1.3700000000000006,0.0,1.3700000000000006,0.0,1.3700000000000006,0.0,1.3700000000000006,0.0,1.3700000000000006,0.0
432,1.3800000000000003,0.0,1.3800000000000003,0.0,1.3800000000000003,0.0,1.3800000000000003,0.0,1.3800000000000003,0.0
433,1.3900000000000001,0.0,1.3900000000000001,0.0,1.3900000000000001,0.0,1.3900000000000001,0.0,1.3900000000000001,0.0
434,1.4,0.0,1.4,0.0,1.4,0.0,1.4,0.0,1.4,0.0
435,1.4100000000000006,0.0,1.4100000000000006,0.0,1.4100000000000006,0.0,1.4100000000000006,0.0,1.4100000000000006,0.0
436,1.4200000000000004,0.0,1.4200000000000004,0.0,1.4200000000000004,0.0,1.4200000000000004,0.0,1.4200000000000004,0.0
437,1.4300000000000002,0.0,1.4300000000000002,0.0,1.4300000000000002,0.0,1.4300000000000002,0.0,1.4300000000000002,0.0
438,1.44,0.0,1.44,0.0,1.44,0.0,1.44,0.0,1.44,0.0
439,1.4499999999999997,0.0,1.4499999999999997,0.0,1.4499999999999997,0.0,1.4499999999999997,0.0,1.4499999999999997,0.0
440,1.4600000000000004,0.0,1.4600000000000004,0.0,1.4600000000000004,0.0,1.4600000000000004,0.0,1.4600000000000004,0.0
441,1.4700000000000002,0.0,1.4700000000000002,0.0,1.4700000000000002,0.0,1.4700000000000002,0.0,1.4700000000000002,0.0
442,1.48,0.0,1.48,0.0,1.48,0.0,1.48,0.0,1.48,0.0
443,1.4899999999999998,0.0,1.4899999999999998,0.0,1.4899999999999998,0.0,1.4899999999999998,0.0,1.4899999999999998,0.0
444,1.5000000000000004,0.0,1.5000000000000004,0.0,1.5000000000000004,0.0,1.5000000000000004,0.0,1.5000000000000004,0.0
445,1.5100000000000002,0.0,1.5100000000000002,0.0,1.5100000000000002,0.0,1.5100000000000002,0.0,1.5100000000000002,0.0
446,1.52,0.0,1.52,0.0,1.52,0.0,1.52,0.0,1.52,0.0
447,1.5299999999999998,0.0,1.5299999999999998,0.0,1.5299999999999998,0.0,1.5299999999999998,0.0,1.5299999999999998,0.0
448,1.5400000000000005,0.0,1.5400000000000005,0.0,1.5400000000000005,0.0,1.5400000000000005,0.0,1.5400000000000005,0.0
449,1.5500000000000003,0.0,1.5500000000000003,0.0,1.5500000000000003,0.0,1.5500000000000003,0.0,1.5500000000000003,0.0
450,1.56,0.0,1.56,0.0,1.56,0.0,1.56,0.0,1.56,0.0
451,1.5699999999999998,0.0,1.5699999999999998,0.0,1.5699999999999998,0.0,1.5699999999999998,0.0,1.5699999999999998,0.0
452,1.5800000000000005,0.0,1.5800000000000005,0.0,1.5800000000000005,0.0,1.5800000000000005,0.0,1.5800000000000005,0.0
453,1.5900000000000003,0.0,1.5900000000000003,0.0,1.5900000000000003,0.0,1.5900000000000003,0.0,1.5900000000000003,0.0
454,1.6,0.0,1.6,0.0,1.6,0.0,1.6,0.0,1.6,0.0
455,1.6099999999999999,0.0,1.6099999999999999,0.0,1.6099999999999999,0.0,1.6099999999999999,0.0,1.6099999999999999,0.0
456,1.6200000000000006,0.0,1.6200000000000006,0.0,1.6200000000000006,0.0,1.6200000000000006,0.0,1.6200000000000006,0.0
457,1.6300000000000003,0.0,1.6300000000000003,0.0,1.6300000000000003,0.0,1.6300000000000003,0.0,1.6300000000000003,0.0
458,1.6400000000000001,0.0,1.6400000000000001,0.0,1.6400000000000001,0.0,1.6400000000000001,0.0,1.6400000000000001,0.0
459,1.65,0.0,1.65,0.0,1.65,0.0,1.65,0.0,1.65,0.0
460,1.6600000000000006,0.0,1.6600000000000006,0.0,1.6600000000000006,0.0,1.6600000000000006,0.0,1.6600000000000006,0.0
461,1.6700000000000004,0.0,1.6700000000000004,0.0,1.6700000000000004,0.0,1.6700000000000004,0.0,1.6700000000000004,0.0
462,1.6800000000000002,0.0,1.6800000000000002,0.0,1.6800000000000002,0.0,1.6800000000000002,0.0,1.6800000000000002,0.0
463,1.69,0.0,1.69,0.0,1.69,0.0,1.69,0.0,1.69,0.0
464,1.6999999999999997,0.0,1.6999999999999997,0.0,1.6999999999999997,0.0,1.6999999999999997,0.0,1.6999999999999997,0.0
465,1.7100000000000004,0.0,1.7100000000000004,0.0,1.7100000000000004,0.0,1.7100000000000004,0.0,1.7100000000000004,0.0
466,1.7200000000000002,0.0,1.7200000000000002,0.0,1.7200000000000002,0.0,1.7200000000000002,0.0,1.7200000000000002,0.0
467,1.73,0.0,1.73,0.0,1.73,0.0,1.73,0.0,1.73,0.0
468,1.7399999999999998,0.0,1.7399999999999998,0.0,1.7399999999999998,0.0,1.7399999999999998,0.0,1.7399999999999998,0.0
469,1.7500000000000004,0.0,1.7500000000000004,0.0,1.7500000000000004,0.0,1.7500000000000004,0.0,1.7500000000000004,0.0
470,1.7600000000000002,0.0,1.7600000000000002,0.0,1.7600000000000002,0.0,1.7600000000000002,0.0,1.7600000000000002,0.0
471,1.77,0.0,1.77,0.0,1.77,0.0,1.77,0.0,1.77,0.0
472,1.7799999999999998,0.0,1.7799999999999998,0.0,1.7799999999999998,0.0,1.7799999999999998,0.0,1.7799999999999998,0.0
473,1.7900000000000005,0.0,1.7900000000000005,0.0,1.7900000000000005,0.0,1.7900000000000005,0.0,1.7900000000000005,0.0
474,1.8000000000000003,0.0,1.8000000000000003,0.0,1.8000000000000003,0.0,1.8000000000000003,0.0,1.8000000000000003,0.0
475,1.81,0.0,1.81,0.0,1.81,0.0,1.81,0.0,1.81,0.0
476,1.8199999999999998,0.0,1.8199999999999998,0.0,1.8199999999999998,0.0,1.8199999999999998,0.0,1.8199999999999998,0.0
477,1.8300000000000005,0.0,1.8300000000000005,0.0,1.8300000000000005,0.0,1.8300000000000005,0.0,1.8300000000000005,0.0
478,1.8400000000000003,0.0,1.8400000000000003,0.0,1.8400000000000003,0.0,1.8400000000000003,0.0,1.8400000000000003,0.0
479,1.85,0.0,1.85,0.0,1.85,0.0,1.85,0.0,1.85,0.0
480,1.8599999999999999,0.0,1.8599999999999999,0.0,1.8599999999999999,0.0,1.8599999999999999,0.0,1.8599999999999999,0.0
481,1.8700000000000006,0.0,1.8700000000000006,0.0,1.8700000000000006,0.0,1.8700000000000006,0.0,1.8700000000000006,0.0
482,1.8800000000000003,0.0,1.8800000000000003,0.0,1.8800000000000003,0.0,1.8800000000000003,0.0,1.8800000000000003,0.0
483,1.8900000000000001,0.0,1.8900000000000001,0.0,1.8900000000000001,0.0,1.8900000000000001,0.0,1.8900000000000001,0.0
484,1.9,0.0,1.9,0.0,1.9,0.0,1.9,0.0,1.9,0.0
485,1.9100000000000006,0.0,1.9100000000000006,0.0,1.9100000000000006,0.0,1.9100000000000006,0.0,1.9100000000000006,0.0
486,1.9200000000000004,0.0,1.9200000000000004,0.0,1.9200000000000004,0.0,1.9200000000000004,0.0,1.9200000000000004,0.0
487,1.9300000000000002,0.0,1.9300000000000002,0.0,1.9300000000000002,0.0,1.9300000000000002,0.0,1.9300000000000002,0.0
488,1.94,0.0,1.94,0.0,1.94,0.0,1.94,0.0,1.94,0.0
489,1.9499999999999997,0.0,1.9499999999999997,0.0,1.9499999999999997,0.0,1.9499999999999997,0.0,1.9499999999999997,0.0
490,1.9600000000000004,0.0,1.9600000000000004,0.0,1.9600000000000004,0.0,1.9600000000000004,0.0,1.9600000000000004,0.0
491,1.9700000000000002,0.0,1.9700000000000002,0.0,1.9700000000000002,0.0,1.9700000000000002,0.0,1.9700000000000002,0.0
492,1.98,0.0,1.98,0.0,1.98,0.0,1.98,0.0,1.98,0.0
493,1.9899999999999998,0.0,1.9899999999999998,0.0,1.9899999999999998,0.0,1.9899999999999998,0.0,1.9899999999999998,0.0
494,2.0000000000000004,0.0,2.0000000000000004,0.0,2.0000000000000004,0.0,2.0000000000000004,0.0,2.0000000000000004,0.0
495,2.0100000000000002,0.0,2.0100000000000002,0.0,2.0100000000000002,0.0,2.0100000000000002,0.0,2.0100000000000002,0.0
