,6_Hz_x,6_Hz_y
0,-2.704,1.0
1,-2.7020000000000004,0.9999990137345475
2,-2.7,0.9999961119015194
3,-2.6980000000000004,0.9999913771919592
4,-2.696,0.999984889611491
5,-2.6940000000000004,0.9999767267812342
6,-2.692,0.9999669639378029
7,-2.6900000000000004,0.9999556739333066
8,-2.688,0.9999429272353498
9,-2.6860000000000004,0.9999287926440815
10,-2.684,0.9999133399410132
11,-2.6820000000000004,0.9998966309371004
12,-2.68,0.9998787247484553
13,-2.6780000000000004,0.9998596790070952
14,-2.676,0.9998395498609416
15,-2.6740000000000004,0.999818391973821
16,-2.672,0.9997962585254644
17,-2.6700000000000004,0.9997732012115073
18,-2.668,0.9997492702434898
19,-2.6660000000000004,0.9997245143488571
20,-2.664,0.9996989807709585
21,-2.6620000000000004,0.9996727152690483
22,-2.66,0.9996457621182852
23,-2.6580000000000004,0.9996181641097326
24,-2.656,0.9995899625503586
25,-2.6540000000000004,0.9995611972630358
26,-2.652,0.9995319079172238
27,-2.6500000000000004,0.9995021382842761
28,-2.648,0.9994719204426074
29,-2.6460000000000004,0.9994412838913175
30,-2.644,0.9994102575021316
31,-2.6420000000000003,0.9993788695193996
32,-2.64,0.9993471475600959
33,-2.6380000000000003,0.99931511861382
34,-2.636,0.9992828090427965
35,-2.6340000000000003,0.9992502445818743
36,-2.632,0.9992174503385274
37,-2.6300000000000003,0.9991844507928546
38,-2.628,0.9991512697975795
39,-2.6260000000000003,0.9991179305780508
40,-2.624,0.9990844557322415
41,-2.6220000000000003,0.99905086723075
42,-2.62,0.9990171864167992
43,-2.6180000000000003,0.9989834340062368
44,-2.616,0.9989496300875356
45,-2.6140000000000003,0.998915794121793
46,-2.612,0.9988819449427313
47,-2.6100000000000003,0.9988481007566976
48,-2.608,0.998814279142664
49,-2.6060000000000003,0.9987804970522273
50,-2.604,0.9987467708096089
51,-2.6020000000000003,0.9987131184749186
52,-2.6,0.9986795569197653
53,-2.5980000000000003,0.9986460942906148
54,-2.596,0.9986127383435375
55,-2.5940000000000003,0.9985794967187014
56,-2.592,0.9985463769403733
57,-2.5900000000000003,0.9985133864169174
58,-2.588,0.9984805324407965
59,-2.5860000000000003,0.9984478221885712
60,-2.584,0.9984152627209001
61,-2.5820000000000003,0.9983828609825403
62,-2.58,0.9983506238023463
63,-2.5780000000000003,0.9983185578932714
64,-2.576,0.9982866698523666
65,-2.5740000000000003,0.9982549661607809
66,-2.572,0.9982234531837617
67,-2.5700000000000003,0.998192137170654
68,-2.568,0.9981610242549015
69,-2.5660000000000003,0.9981301204540455
70,-2.564,0.9980994316697255
71,-2.5620000000000003,0.9980689636876791
72,-2.56,0.998038722177742
73,-2.5580000000000003,0.9980087126938479
74,-2.556,0.9979789406740289
75,-2.5540000000000003,0.9979494114404146
76,-2.552,0.9979201301992332
77,-2.5500000000000003,0.9978911020408107
78,-2.548,0.9978623319395713
79,-2.5460000000000003,0.9978338247540371
80,-2.544,0.9978055852268286
81,-2.5420000000000003,0.9977776179846641
82,-2.54,0.9977499275383601
83,-2.5380000000000003,0.99772251824703
84,-2.536,0.9976953920312032
85,-2.5340000000000003,0.9976685470750549
86,-2.532,0.997641981293147
87,-2.5300000000000002,0.9976156926682951
88,-2.528,0.9975896792515689
89,-2.5260000000000002,0.9975639391622927
90,-2.524,0.9975384705880443
91,-2.5220000000000002,0.997513271784656
92,-2.52,0.9974883410762139
93,-2.5180000000000002,0.9974636768550583
94,-2.516,0.997439277581784
95,-2.5140000000000002,0.9974151417852392
96,-2.512,0.9973912680625268
97,-2.5100000000000002,0.9973676550790034
98,-2.508,0.9973443015682799
99,-2.5060000000000002,0.9973212063322214
100,-2.504,0.9972983682409469
101,-2.5020000000000002,0.9972757862328294
102,-2.5,0.9972534593144965
103,-2.498,0.9972313865608293
104,-2.496,0.9972095671149634
105,-2.494,0.9971880001882885
106,-2.492,0.9971666850604479
107,-2.49,0.9971456210793398
108,-2.488,0.9971248076611158
109,-2.486,0.997104244290182
110,-2.484,0.9970839305191985
111,-2.482,0.9970638659690795
112,-2.48,0.9970440503289932
113,-2.478,0.9970244833563621
114,-2.476,0.9970051648768626
115,-2.474,0.9969860947844253
116,-2.472,0.996967273041235
117,-2.47,0.9969486996777305
118,-2.468,0.9969303747926046
119,-2.466,0.9969122985528043
120,-2.4640000000000004,0.9968944711935308
121,-2.462,0.9968768930182392
122,-2.46,0.9968595643986389
123,-2.458,0.9968424857746933
124,-2.4560000000000004,0.9968256568021423
125,-2.454,0.9968090695274555
126,-2.452,0.9967927188105646
127,-2.45,0.9967766008960927
128,-2.4480000000000004,0.996760712105147
129,-2.446,0.9967450488353199
130,-2.444,0.996729607560688
131,-2.442,0.9967143848318122
132,-2.4400000000000004,0.9966993772757384
133,-2.438,0.9966845815959968
134,-2.436,0.9966699945726022
135,-2.434,0.9966556130620537
136,-2.4320000000000004,0.9966414339973353
137,-2.43,0.9966274543879153
138,-2.428,0.9966136713197468
139,-2.426,0.9966000819552668
140,-2.4240000000000004,0.9965866835333977
141,-2.422,0.9965734733695459
142,-2.42,0.9965604488556025
143,-2.418,0.996547607459943
144,-2.4160000000000004,0.9965349467274275
145,-2.414,0.9965224642794007
146,-2.4120000000000004,0.9965101578136919
147,-2.41,0.9964980251046147
148,-2.4080000000000004,0.9964860640029675
149,-2.406,0.996474272436033
150,-2.4040000000000004,0.9964626484075787
151,-2.402,0.9964511899978563
152,-2.4000000000000004,0.9964398953636023
153,-2.398,0.9964287627380377
154,-2.3960000000000004,0.996417790430868
155,-2.394,0.9964069768282832
156,-2.3920000000000003,0.9963963203929578
157,-2.39,0.996385819664051
158,-2.3880000000000003,0.9963754732572064
159,-2.386,0.9963652798645524
160,-2.3840000000000003,0.9963552382547013
161,-2.382,0.9963453472727507
162,-2.3800000000000003,0.9963356058402822
163,-2.378,0.9963260129553623
164,-2.3760000000000003,0.9963165676925416
165,-2.374,0.9963072692028558
166,-2.3720000000000003,0.9962981167138247
167,-2.37,0.9962891095294528
168,-2.3680000000000003,0.996280247030229
169,-2.366,0.9962715286731271
170,-2.3640000000000003,0.9962629539916049
171,-2.362,0.9962545225956052
172,-2.3600000000000003,0.9962462341715551
173,-2.358,0.9962380884823663
174,-2.3560000000000003,0.9962300853674351
175,-2.354,0.9962222244689449
176,-2.3520000000000003,0.9962144967863734
177,-2.35,0.9962068962900807
178,-2.3480000000000003,0.9961994207175692
179,-2.346,0.9961920678426798
180,-2.3440000000000003,0.9961848354755918
181,-2.342,0.9961777214628227
182,-2.3400000000000003,0.9961707236872288
183,-2.338,0.9961638400680045
184,-2.3360000000000003,0.9961570685606828
185,-2.334,0.9961504071571349
186,-2.3320000000000003,0.9961438538855706
187,-2.33,0.9961374068105381
188,-2.3280000000000003,0.996131064032924
189,-2.326,0.9961248236899531
190,-2.3240000000000003,0.996118683955189
191,-2.322,0.9961126430385334
192,-2.3200000000000003,0.9961066991862265
193,-2.318,0.9961008506808471
194,-2.3160000000000003,0.996095095841312
195,-2.314,0.9960894330228767
196,-2.3120000000000003,0.9960838606171352
197,-2.31,0.9960783770520197
198,-2.3080000000000003,0.996072980791801
199,-2.306,0.996067670337088
200,-2.3040000000000003,0.9960624442248284
201,-2.302,0.996057301028308
202,-2.3000000000000003,0.9960522393571513
203,-2.298,0.9960472578573208
204,-2.2960000000000003,0.9960423552111181
205,-2.294,0.9960375301371823
206,-2.2920000000000003,0.9960327813904917
207,-2.29,0.9960281077623626
208,-2.2880000000000003,0.9960235080804498
209,-2.286,0.9960189812087467
210,-2.2840000000000003,0.9960145260475848
211,-2.282,0.9960101415336341
212,-2.2800000000000002,0.9960058266399031
213,-2.278,0.9960015803757388
214,-2.2760000000000002,0.9959974017868265
215,-2.274,0.9959932899551898
216,-2.2720000000000002,0.9959892439991908
217,-2.27,0.9959852630735301
218,-2.2680000000000002,0.9959813463692466
219,-2.266,0.9959774931137179
220,-2.2640000000000002,0.9959737025706593
221,-2.262,0.9959699740401254
222,-2.2600000000000002,0.9959663068585086
223,-2.258,0.9959627003985401
224,-2.2560000000000002,0.995959154069289
225,-2.254,0.9959556673161634
226,-2.2520000000000002,0.9959522396209094
227,-2.25,0.9959488705016117
228,-2.248,0.9959455595126935
229,-2.246,0.9959423062449162
230,-2.244,0.9959391103253796
231,-2.242,0.9959359714175221
232,-2.24,0.9959328892211204
233,-2.238,0.9959298634722896
234,-2.236,0.9959268939434834
235,-2.234,0.9959239804434936
236,-2.232,0.9959211228174507
237,-2.23,0.9959183209468233
238,-2.228,0.9959155747494188
239,-2.226,0.9959128841793827
240,-2.224,0.9959102492271991
241,-2.2220000000000004,0.9959076665141736
242,-2.22,0.9959051280507975
243,-2.218,0.995902632874892
244,-2.216,0.995900180313031
245,-2.2140000000000004,0.9958977696991305
246,-2.212,0.99589540037445
247,-2.21,0.9958930716875917
248,-2.208,0.9958907829945006
249,-2.2060000000000004,0.9958885336584652
250,-2.204,0.9958863230501162
251,-2.202,0.9958841505474277
252,-2.2,0.9958820155357169
253,-2.1980000000000004,0.9958799174076435
254,-2.196,0.9958778555632103
255,-2.194,0.9958758294097632
256,-2.192,0.995873838361991
257,-2.1900000000000004,0.9958718818419252
258,-2.188,0.9958699592789406
259,-2.186,0.9958680701097548
260,-2.184,0.9958662137784281
261,-2.1820000000000004,0.9958643897363642
262,-2.18,0.9958625974423094
263,-2.178,0.9958608363623531
264,-2.176,0.9958591059699275
265,-2.1740000000000004,0.995857405745808
266,-2.172,0.9958557351781129
267,-2.17,0.9958540937623029
268,-2.168,0.9958524810011825
269,-2.1660000000000004,0.9958508964048985
270,-2.164,0.995849339490941
271,-2.162,0.9958478097841428
272,-2.16,0.9958463068166798
273,-2.1580000000000004,0.995844830128071
274,-2.156,0.9958433792651779
275,-2.154,0.9958419537822052
276,-2.152,0.9958405532407008
277,-2.1500000000000004,0.995839177209555
278,-2.148,0.9958378252650014
279,-2.146,0.9958364969906166
280,-2.144,0.99583519197732
281,-2.1420000000000003,0.9958339098233738
282,-2.14,0.9958326501343836
283,-2.138,0.9958314125232973
284,-2.136,0.9958301966104064
285,-2.1340000000000003,0.995829002023345
286,-2.132,0.99582782839709
287,-2.13,0.9958266753739617
288,-2.128,0.9958255426036229
289,-2.1260000000000003,0.9958244297430796
290,-2.124,0.9958233364566806
291,-2.1220000000000003,0.9958222624161179
292,-2.12,0.9958212073004261
293,-2.1180000000000003,0.995820170795983
294,-2.116,0.9958191525965091
295,-2.1140000000000003,0.9958181524030681
296,-2.112,0.9958171699240667
297,-2.1100000000000003,0.995816204875254
298,-2.108,0.9958152569797228
299,-2.1060000000000003,0.9958143259679084
300,-2.104,0.9958134115775891
301,-2.1020000000000003,0.995812513553886
302,-2.1,0.9958116316492636
303,-2.0980000000000003,0.9958107656235289
304,-2.096,0.9958099152438319
305,-2.0940000000000003,0.9958090802846659
306,-2.092,0.9958082605278666
307,-2.0900000000000003,0.9958074557626133
308,-2.088,0.9958066657854276
309,-2.0860000000000003,0.9958058904001744
310,-2.084,0.9958051294180615
311,-2.0820000000000003,0.9958043826576397
312,-2.08,0.9958036499448024
313,-2.0780000000000003,0.9958029311127865
314,-2.076,0.9958022260021715
315,-2.0740000000000003,0.9958015344608797
316,-2.072,0.9958008563441768
317,-2.0700000000000003,0.995800191514671
318,-2.068,0.9957995398423137
319,-2.0660000000000003,0.9957989012043993
320,-2.064,0.9957982754855649
321,-2.0620000000000003,0.9957976625777906
322,-2.06,0.9957970623803996
323,-2.0580000000000003,0.995796474800058
324,-2.056,0.9957958997507746
325,-2.0540000000000003,0.9957953371539018
326,-2.052,0.9957947869381341
327,-2.0500000000000003,0.9957942489988127
328,-2.048,0.9957937207773808
329,-2.0460000000000003,0.9957932007190785
330,-2.044,0.9957926887403168
331,-2.0420000000000003,0.9957921847578387
332,-2.04,0.9957916886887186
333,-2.0380000000000003,0.9957912004503628
334,-2.036,0.9957907199605092
335,-2.0340000000000003,0.9957902471372273
336,-2.032,0.9957897818989184
337,-2.0300000000000002,0.9957893241643154
338,-2.028,0.9957888738524829
339,-2.0260000000000002,0.9957884308828173
340,-2.024,0.9957879951750463
341,-2.0220000000000002,0.9957875666492298
342,-2.02,0.9957871452257591
343,-2.0180000000000002,0.9957867308253571
344,-2.016,0.9957863233690784
345,-2.0140000000000002,0.9957859227783095
346,-2.012,0.9957855289747684
347,-2.0100000000000002,0.9957851418805047
348,-2.008,0.9957847614179001
349,-2.0060000000000002,0.9957843875096672
350,-2.004,0.9957840200788513
351,-2.0020000000000002,0.9957836590488284
352,-2.0,0.9957833043433068
353,-1.9980000000000002,0.9957829558863263
354,-1.9960000000000002,0.9957826136022582
355,-1.9940000000000002,0.9957822774158058
356,-1.9920000000000002,0.9957819472520039
357,-1.9900000000000002,0.995781623036219
358,-1.9880000000000002,0.9957813046941493
359,-1.9860000000000002,0.9957809921518245
360,-1.9840000000000002,0.9957806853356064
361,-1.9820000000000002,0.995780384172188
362,-1.9800000000000002,0.9957800885885943
363,-1.9780000000000002,0.9957797985121819
364,-1.9760000000000002,0.995779513870639
365,-1.9740000000000002,0.9957792345919856
366,-1.9720000000000002,0.9957789606045732
367,-1.9700000000000002,0.9957786918370851
368,-1.9680000000000002,0.9957784282185363
369,-1.9660000000000002,0.9957781696782737
370,-1.9640000000000002,0.9957779161459752
371,-1.9620000000000002,0.9957776675516511
372,-1.9600000000000002,0.9957774238256429
373,-1.9580000000000002,0.9957771848986242
374,-1.9560000000000002,0.9957769507015998
375,-1.9540000000000002,0.9957767211659065
376,-1.9520000000000002,0.9957764962232128
377,-1.9500000000000002,0.9957762758055188
378,-1.9480000000000002,0.9957760598451559
379,-1.9460000000000002,0.995775848274788
380,-1.9440000000000002,0.99577564102741
381,-1.9420000000000002,0.9957754380363487
382,-1.9400000000000002,0.9957752392352626
383,-1.9380000000000002,0.9957750445581418
384,-1.9360000000000002,0.9957748539393082
385,-1.9340000000000002,0.9957746673134154
386,-1.9320000000000002,0.9957744846154483
387,-1.9300000000000002,0.995774305780724
388,-1.9280000000000002,0.9957741307448911
389,-1.9260000000000002,0.9957739594439295
390,-1.9240000000000002,0.9957737918141515
391,-1.9220000000000002,0.9957736277922005
392,-1.9200000000000002,0.9957734673150518
393,-1.9180000000000001,0.9957733103200122
394,-1.9160000000000001,0.9957731567447204
395,-1.9140000000000001,0.995773006527147
396,-1.9120000000000001,0.9957728596055935
397,-1.9100000000000001,0.9957727159186938
398,-1.9080000000000001,0.9957725754054132
399,-1.9060000000000001,0.9957724380050488
400,-1.9040000000000001,0.9957723036572291
401,-1.9020000000000001,0.9957721723019147
402,-1.9000000000000001,0.9957720438793976
403,-1.8980000000000001,0.9957719183303013
404,-1.8960000000000001,0.9957717955955815
405,-1.8940000000000001,0.9957716756165251
406,-1.8920000000000001,0.995771558334751
407,-1.8900000000000001,0.9957714436922095
408,-1.8880000000000001,0.9957713316311829
409,-1.8860000000000001,0.9957712220942849
410,-1.8840000000000001,0.9957711150244609
411,-1.8820000000000001,0.9957710103649883
412,-1.8800000000000001,0.9957709080594758
413,-1.8780000000000001,0.9957708080518638
414,-1.8760000000000001,0.9957707102864246
415,-1.874,0.9957706147077622
416,-1.872,0.995770521260812
417,-1.87,0.9957704298908413
418,-1.8680000000000003,0.9957703405434489
419,-1.866,0.9957702531645656
420,-1.8640000000000003,0.9957701677004536
421,-1.862,0.9957700840977067
422,-1.8600000000000003,0.9957700023032506
423,-1.858,0.9957699222643428
424,-1.8560000000000003,0.995769843928572
425,-1.854,0.9957697672438591
426,-1.8520000000000003,0.9957696921584563
427,-1.85,0.9957696186209477
428,-1.8480000000000003,0.9957695465802489
429,-1.846,0.9957694759856074
430,-1.8440000000000003,0.9957694067866022
431,-1.842,0.995769338933144
432,-1.8400000000000003,0.9957692723754753
433,-1.838,0.9957692070641703
434,-1.8360000000000003,0.9957691429501344
435,-1.834,0.9957690799846054
436,-1.8320000000000003,0.9957690181191524
437,-1.83,0.995768957305676
438,-1.8280000000000003,0.995768897496409
439,-1.826,0.9957688386439152
440,-1.8240000000000003,0.9957687807131608
441,-1.822,0.9957687261827443
442,-1.8200000000000003,0.9957686767876327
443,-1.818,0.9957686323030605
444,-1.8160000000000003,0.9957685925076639
445,-1.814,0.995768557183481
446,-1.8120000000000003,0.9957685261159517
447,-1.81,0.9957684990939174
448,-1.8080000000000003,0.9957684759096217
449,-1.806,0.9957684563587096
450,-1.8040000000000003,0.9957684402402281
451,-1.802,0.9957684273566262
452,-1.8000000000000003,0.9957684175137541
453,-1.798,0.9957684105208644
454,-1.7960000000000003,0.9957684061906111
455,-1.794,0.9957684043390501
456,-1.7920000000000003,0.9957684047856392
457,-1.79,0.9957684073532378
458,-1.7880000000000003,0.9957684118681072
459,-1.786,0.9957684181599105
460,-1.7840000000000003,0.9957684260617125
461,-1.782,0.9957684354099797
462,-1.7800000000000002,0.9957684460445809
463,-1.778,0.995768457808786
464,-1.7760000000000002,0.9957684705492672
465,-1.774,0.9957684841160981
466,-1.7720000000000002,0.9957684983627545
467,-1.77,0.9957685131461136
468,-1.7680000000000002,0.9957685283264546
469,-1.766,0.9957685437674584
470,-1.7640000000000002,0.9957685593362079
471,-1.762,0.9957685749031874
472,-1.7600000000000002,0.9957685903422834
473,-1.758,0.9957686055307838
474,-1.7560000000000002,0.9957686203493787
475,-1.754,0.9957686346821598
476,-1.7520000000000002,0.9957686484166203
477,-1.75,0.9957686614436556
478,-1.7480000000000002,0.9957686736575627
479,-1.746,0.9957686849560405
480,-1.7440000000000002,0.9957686952401896
481,-1.7420000000000002,0.9957687044145123
482,-1.7400000000000002,0.9957687123869129
483,-1.7380000000000002,0.9957687190686973
484,-1.7360000000000002,0.9957687243745733
485,-1.7340000000000002,0.9957687282226505
486,-1.7320000000000002,0.9957687305344403
487,-1.7300000000000002,0.9957687312348555
488,-1.7280000000000002,0.9957687302522115
489,-1.7260000000000002,0.9957687275182245
490,-1.7240000000000002,0.9957687229680134
491,-1.7220000000000002,0.9957687165400984
492,-1.7200000000000002,0.9957687081764014
493,-1.7180000000000002,0.9957686978222464
494,-1.7160000000000002,0.9957686854263591
495,-1.7140000000000002,0.9957686709408667
496,-1.7120000000000002,0.9957686543212987
497,-1.7100000000000002,0.9957686355265859
498,-1.7080000000000002,0.9957686145190612
499,-1.7060000000000002,0.9957685912644592
500,-1.7040000000000002,0.9957685657319162
501,-1.7020000000000002,0.9957685378939704
502,-1.7000000000000002,0.9957685077265618
503,-1.6980000000000002,0.9957684752090321
504,-1.6960000000000002,0.9957684403241248
505,-1.6940000000000002,0.9957684030579853
506,-1.6920000000000002,0.9957683634001606
507,-1.6900000000000002,0.9957683213435996
508,-1.6880000000000002,0.9957682768846531
509,-1.6860000000000002,0.9957682300230735
510,-1.6840000000000002,0.995768180762015
511,-1.6820000000000002,0.9957681291080337
512,-1.6800000000000002,0.9957680750710874
513,-1.6780000000000002,0.9957680186645358
514,-1.6760000000000002,0.9957679599051403
515,-1.6740000000000002,0.9957678988130639
516,-1.6720000000000002,0.9957678354118719
517,-1.6700000000000002,0.9957677697285309
518,-1.6680000000000001,0.9957677017934093
519,-1.6660000000000001,0.9957676316402777
520,-1.6640000000000001,0.9957675593063082
521,-1.6620000000000001,0.9957674848320747
522,-1.6600000000000001,0.9957674082615529
523,-1.6580000000000001,0.9957673296421201
524,-1.6560000000000001,0.995767249024556
525,-1.6540000000000001,0.9957671664630414
526,-1.6520000000000001,0.9957670820151592
527,-1.6500000000000001,0.9957669957418941
528,-1.6480000000000001,0.9957669077076325
529,-1.6460000000000001,0.9957668179801628
530,-1.6440000000000001,0.9957667266306747
531,-1.6420000000000001,0.9957666337337602
532,-1.6400000000000001,0.9957665393674129
533,-1.6380000000000001,0.9957664436130281
534,-1.6360000000000001,0.9957663465554032
535,-1.6340000000000001,0.9957662482827369
536,-1.6320000000000001,0.99576614888663
537,-1.6300000000000001,0.9957660484620849
538,-1.6280000000000001,0.9957659471075063
539,-1.6260000000000001,0.9957658449247001
540,-1.624,0.9957657420188741
541,-1.622,0.9957656384986381
542,-1.62,0.9957655344760036
543,-1.618,0.9957654300663838
544,-1.616,0.9957653253885937
545,-1.614,0.9957652205648504
546,-1.612,0.9957651157207722
547,-1.61,0.9957650109853796
548,-1.608,0.995764906491095
549,-1.606,0.9957648023737421
550,-1.604,0.9957646987725469
551,-1.602,0.995764595830137
552,-1.6,0.9957644936925415
553,-1.598,0.9957643925091917
554,-1.596,0.9957642924329206
555,-1.594,0.9957641936199628
556,-1.592,0.9957640962299549
557,-1.59,0.9957640004259352
558,-1.588,0.9957639063743435
559,-1.586,0.9957638142450221
560,-1.584,0.9957637242112144
561,-1.582,0.995763636449566
562,-1.58,0.9957635511401239
563,-1.578,0.9957634684663375
564,-1.576,0.9957633886150572
565,-1.574,0.9957633117765359
566,-1.572,0.9957632381444278
567,-1.57,0.9957631679157891
568,-1.568,0.9957631012910779
569,-1.566,0.9957630384741539
570,-1.564,0.9957629796722786
571,-1.562,0.9957629250961153
572,-1.56,0.9957628749597291
573,-1.558,0.9957628294805871
574,-1.556,0.9957627888795578
575,-1.554,0.9957627533809118
576,-1.552,0.9957627232123212
577,-1.5500000000000003,0.9957626986048602
578,-1.5480000000000003,0.9957626797930047
579,-1.5460000000000003,0.9957626670146321
580,-1.5440000000000003,0.9957626605110221
581,-1.5420000000000003,0.9957626605268557
582,-1.5400000000000003,0.995762667310216
583,-1.5380000000000003,0.9957626811125878
584,-1.5360000000000003,0.9957627021888575
585,-1.5340000000000003,0.9957627307973138
586,-1.5320000000000003,0.9957627671996465
587,-1.5300000000000002,0.9957628116609477
588,-1.5280000000000002,0.9957628644497112
589,-1.5260000000000002,0.9957629258378323
590,-1.5240000000000002,0.9957629953874307
591,-1.5220000000000002,0.9957630716676726
592,-1.5200000000000002,0.9957631542335543
593,-1.5180000000000002,0.9957632426729011
594,-1.5160000000000002,0.9957633365808534
595,-1.5140000000000002,0.9957634355598671
596,-1.5120000000000002,0.9957635392197136
597,-1.5100000000000002,0.9957636471774796
598,-1.5080000000000002,0.995763759057567
599,-1.5060000000000002,0.9957638744916933
600,-1.5040000000000002,0.9957639931188914
601,-1.5020000000000002,0.9957641145855096
602,-1.5000000000000002,0.9957642385452113
603,-1.4980000000000002,0.9957643646589757
604,-1.4960000000000002,0.995764492595097
605,-1.4940000000000002,0.995764622029185
606,-1.4920000000000002,0.9957647526441649
607,-1.4900000000000002,0.9957648841302772
608,-1.4880000000000002,0.9957650161850777
609,-1.4860000000000002,0.9957651485134379
610,-1.4840000000000002,0.9957652808275443
611,-1.4820000000000002,0.9957654128468992
612,-1.4800000000000002,0.9957655442983198
613,-1.4780000000000002,0.9957656749159389
614,-1.4760000000000002,0.995765804441205
615,-1.4740000000000002,0.9957659326228815
616,-1.4720000000000002,0.9957660592170473
617,-1.4700000000000002,0.995766183987097
618,-1.4680000000000002,0.9957663067037402
619,-1.4660000000000002,0.9957664271450022
620,-1.4640000000000002,0.9957665450962233
621,-1.4620000000000002,0.9957666603500596
622,-1.4600000000000002,0.9957667727064822
623,-1.4580000000000002,0.995766881972778
624,-1.4560000000000002,0.9957669879635489
625,-1.4540000000000002,0.9957670905007123
626,-1.4520000000000002,0.9957671894135013
627,-1.4500000000000002,0.9957672845384639
628,-1.4480000000000002,0.9957673757194636
629,-1.4460000000000002,0.9957674628076797
630,-1.4440000000000002,0.9957675456616063
631,-1.4420000000000002,0.9957676241470533
632,-1.4400000000000002,0.9957676981371457
633,-1.4380000000000002,0.9957677675123242
634,-1.4360000000000002,0.9957678321603446
635,-1.4340000000000002,0.9957678919762781
636,-1.4320000000000002,0.9957679468625116
637,-1.4300000000000002,0.995767996728747
638,-1.4280000000000002,0.9957680414920018
639,-1.4260000000000002,0.9957680810766087
640,-1.4240000000000002,0.9957681154142162
641,-1.4220000000000002,0.9957681444437876
642,-1.4200000000000002,0.995768168111602
643,-1.4180000000000001,0.9957681863712537
644,-1.4160000000000001,0.9957681991836527
645,-1.4140000000000001,0.9957682065170238
646,-1.4120000000000001,0.9957682083469077
647,-1.4100000000000001,0.9957682046561603
648,-1.4080000000000001,0.9957681954349529
649,-1.4060000000000001,0.9957681806807721
650,-1.4040000000000001,0.99576816039842
651,-1.4020000000000001,0.995768134600014
652,-1.4000000000000001,0.995768103304987
653,-1.3980000000000001,0.9957680665400872
654,-1.3960000000000001,0.9957680243393782
655,-1.3940000000000001,0.9957679767442389
656,-1.3920000000000001,0.9957679238033637
657,-1.3900000000000001,0.9957678655727623
658,-1.3880000000000001,0.99576780211576
659,-1.3860000000000001,0.9957677335029971
660,-1.3840000000000001,0.9957676598124297
661,-1.3820000000000001,0.995767581129329
662,-1.3800000000000001,0.9957674975462816
663,-1.3780000000000001,0.9957674091631896
664,-1.3760000000000001,0.9957673160872705
665,-1.374,0.9957672184330572
666,-1.372,0.9957671163223977
667,-1.37,0.9957670098844558
668,-1.368,0.9957668992557102
669,-1.366,0.9957667845799555
670,-1.364,0.9957666660083013
671,-1.362,0.995766543699173
672,-1.36,0.9957664178183108
673,-1.358,0.9957662885387707
674,-1.356,0.995766156040924
675,-1.354,0.9957660205124574
676,-1.352,0.995765882148373
677,-1.35,0.995765741150988
678,-1.348,0.9957655977299356
679,-1.346,0.9957654521021636
680,-1.344,0.9957653044919359
681,-1.342,0.9957651551308313
682,-1.34,0.9957650042577443
683,-1.338,0.9957648521188845
684,-1.336,0.9957646989677771
685,-1.334,0.9957645450652626
686,-1.332,0.995764390679497
687,-1.33,0.9957642360859513
688,-1.328,0.9957640815674125
689,-1.326,0.9957639274139825
690,-1.324,0.9957637739230786
691,-1.322,0.9957636213994339
692,-1.32,0.9957634701550964
693,-1.318,0.9957633205094297
694,-1.316,0.9957631727891129
695,-1.314,0.9957630273281403
696,-1.312,0.9957628844678216
697,-1.31,0.9957627445567819
698,-1.308,0.9957626079509618
699,-1.306,0.9957624750136171
700,-1.304,0.9957623461153192
701,-1.302,0.9957622216339548
702,-1.3,0.9957621019547257
703,-1.298,0.9957619874701495
704,-1.2960000000000003,0.995761878580059
705,-1.2940000000000003,0.9957617756916025
706,-1.2920000000000003,0.9957616792192434
707,-1.2900000000000003,0.9957615895847608
708,-1.2880000000000003,0.9957615072172491
709,-1.2860000000000003,0.9957614325531178
710,-1.2840000000000003,0.9957613660360922
711,-1.2820000000000003,0.9957613081172129
712,-1.2800000000000002,0.9957612592548356
713,-1.2780000000000002,0.9957612199146317
714,-1.2760000000000002,0.9957611905695878
715,-1.2740000000000002,0.995761171700006
716,-1.2720000000000002,0.9957611637935037
717,-1.2700000000000002,0.9957611673450136
718,-1.2680000000000002,0.9957611828567842
719,-1.2660000000000002,0.9957612108383788
720,-1.2640000000000002,0.9957612518066765
721,-1.2620000000000002,0.9957613062858716
722,-1.2600000000000002,0.9957613748074738
723,-1.2580000000000002,0.9957614579103085
724,-1.2560000000000002,0.9957615515186465
725,-1.2540000000000002,0.9957616505398087
726,-1.2520000000000002,0.9957617546064315
727,-1.2500000000000002,0.9957618633598837
728,-1.2480000000000002,0.9957619764479715
729,-1.2460000000000002,0.9957620935249378
730,-1.2440000000000002,0.9957622142514635
731,-1.2420000000000002,0.9957623382946663
732,-1.2400000000000002,0.9957624653281013
733,-1.2380000000000002,0.995762595031761
734,-1.2360000000000002,0.995762727092075
735,-1.2340000000000002,0.9957628612019103
736,-1.2320000000000002,0.995762997060571
737,-1.2300000000000002,0.9957631343737988
738,-1.2280000000000002,0.9957632728537724
739,-1.2260000000000002,0.995763412219108
740,-1.2240000000000002,0.9957635521948588
741,-1.2220000000000002,0.9957636925125154
742,-1.2200000000000002,0.9957638329100058
743,-1.2180000000000002,0.9957639731316952
744,-1.2160000000000002,0.995764112928386
745,-1.2140000000000002,0.995764252057318
746,-1.2120000000000002,0.9957643902821681
747,-1.2100000000000002,0.9957645273730509
748,-1.2080000000000002,0.9957646631065176
749,-1.2060000000000002,0.9957647972655573
750,-1.2040000000000002,0.9957649296395961
751,-1.2020000000000002,0.9957650600244973
752,-1.2000000000000002,0.9957651882225617
753,-1.1980000000000002,0.9957653140425272
754,-1.1960000000000002,0.9957654372995691
755,-1.1940000000000002,0.9957655578153001
756,-1.1920000000000002,0.9957656754177696
757,-1.1900000000000002,0.995765789941465
758,-1.1880000000000002,0.9957659012273107
759,-1.1860000000000002,0.9957660091226681
760,-1.1840000000000002,0.9957661134813363
761,-1.1820000000000002,0.9957662141635514
762,-1.1800000000000002,0.9957663110359869
763,-1.1780000000000002,0.9957664039717536
764,-1.1760000000000002,0.9957664928503995
765,-1.1740000000000002,0.99576657755791
766,-1.1720000000000002,0.9957666579867076
767,-1.1700000000000002,0.9957667340356522
768,-1.1680000000000001,0.9957668056100408
769,-1.1660000000000001,0.9957668726216081
770,-1.1640000000000001,0.9957669349885258
771,-1.1620000000000001,0.9957669926354026
772,-1.1600000000000001,0.9957670454932849
773,-1.1580000000000001,0.9957670934996563
774,-1.1560000000000001,0.9957671365984376
775,-1.1540000000000001,0.9957671747399869
776,-1.1520000000000001,0.9957672078810995
777,-1.1500000000000001,0.9957672359850083
778,-1.1480000000000001,0.9957672590213829
779,-1.1460000000000001,0.9957672769663307
780,-1.1440000000000001,0.9957672898023961
781,-1.1420000000000001,0.9957672975185611
782,-1.1400000000000001,0.9957673001102444
783,-1.1380000000000001,0.9957672975793026
784,-1.1360000000000001,0.9957672899340293
785,-1.1340000000000001,0.9957672771891551
786,-1.1320000000000001,0.9957672593658485
787,-1.1300000000000001,0.9957672364917148
788,-1.1280000000000001,0.9957672086007968
789,-1.1260000000000001,0.9957671757335743
790,-1.124,0.9957671379369647
791,-1.122,0.9957670952643226
792,-1.12,0.9957670477754399
793,-1.118,0.9957669955365455
794,-1.116,0.9957669386203059
795,-1.114,0.9957668771058248
796,-1.112,0.9957668110786431
797,-1.11,0.995766740630739
798,-1.108,0.9957666658605281
799,-1.106,0.9957665868728631
800,-1.104,0.9957665037790341
801,-1.102,0.9957664166967685
802,-1.1,0.9957663257502308
803,-1.098,0.9957662310700229
804,-1.096,0.9957661327931842
805,-1.094,0.995766031063191
806,-1.092,0.9957659260299568
807,-1.09,0.995765817849833
808,-1.088,0.9957657066856077
809,-1.086,0.9957655927065066
810,-1.084,0.9957654760881922
811,-1.082,0.9957653570127651
812,-1.08,0.9957652356687624
813,-1.078,0.9957651122511588
814,-1.076,0.9957649869613665
815,-1.074,0.9957648600072344
816,-1.072,0.9957647316030492
817,-1.07,0.9957646019695348
818,-1.068,0.9957644713338522
819,-1.066,0.9957643399295996
820,-1.064,0.9957642079968126
821,-1.062,0.9957640757819645
822,-1.06,0.9957639435379652
823,-1.058,0.9957638115241622
824,-1.056,0.9957636800063403
825,-1.054,0.9957635492567215
826,-1.052,0.9957634195539651
827,-1.05,0.9957632911831676
828,-1.048,0.995763164435863
829,-1.046,0.9957630396100224
830,-1.044,0.9957629170100543
831,-1.042,0.9957627969468041
832,-1.04,0.9957626797375552
833,-1.0380000000000003,0.9957625657060275
834,-1.0360000000000003,0.9957624551823787
835,-1.0340000000000003,0.9957623485032037
836,-1.0320000000000003,0.9957622460115343
837,-1.0300000000000002,0.9957621480568402
838,-1.0280000000000002,0.9957620549950278
839,-1.0260000000000002,0.9957619671884411
840,-1.0240000000000002,0.9957618850058614
841,-1.0220000000000002,0.995761808822507
842,-1.0200000000000002,0.9957617390200338
843,-1.0180000000000002,0.9957616759865349
844,-1.0160000000000002,0.9957616201165403
845,-1.0140000000000002,0.995761571811018
846,-1.0120000000000002,0.9957615314773727
847,-1.0100000000000002,0.9957614995294465
848,-1.0080000000000002,0.9957614763875189
849,-1.0060000000000002,0.9957614624783067
850,-1.0040000000000002,0.9957614582349636
851,-1.0020000000000002,0.9957614640970812
852,-1.0000000000000002,0.9957614805106878
853,-0.9980000000000002,0.9957615079282495
854,-0.9960000000000002,0.995761546808669
855,-0.9940000000000002,0.9957615976172871
856,-0.9920000000000002,0.9957616608258812
857,-0.9900000000000002,0.9957617368557256
858,-0.9880000000000002,0.9957618214436398
859,-0.9860000000000002,0.9957619114575714
860,-0.9840000000000002,0.9957620065552402
861,-0.9820000000000002,0.9957621064001305
862,-0.9800000000000002,0.9957622106614921
863,-0.9780000000000002,0.9957623190143394
864,-0.9760000000000002,0.9957624311394522
865,-0.9740000000000002,0.9957625467233747
866,-0.9720000000000002,0.9957626654584167
867,-0.9700000000000002,0.9957627870426525
868,-0.9680000000000002,0.9957629111799218
869,-0.9660000000000002,0.9957630375798288
870,-0.9640000000000002,0.9957631659577431
871,-0.9620000000000002,0.9957632960347989
872,-0.9600000000000002,0.9957634275378958
873,-0.9580000000000002,0.9957635601996982
874,-0.9560000000000002,0.9957636937586354
875,-0.9540000000000002,0.9957638279589017
876,-0.9520000000000002,0.9957639625504565
877,-0.9500000000000002,0.995764097289024
878,-0.9480000000000002,0.9957642319360936
879,-0.9460000000000002,0.9957643662589195
880,-0.9440000000000002,0.995764500030521
881,-0.9420000000000002,0.9957646330296823
882,-0.9400000000000002,0.9957647650409527
883,-0.9380000000000002,0.9957648958546461
884,-0.9360000000000002,0.9957650252668421
885,-0.9340000000000002,0.9957651530793845
886,-0.9320000000000002,0.9957652790998827
887,-0.9300000000000002,0.9957654031417107
888,-0.9280000000000002,0.9957655250240075
889,-0.9260000000000002,0.9957656445716774
890,-0.9240000000000002,0.9957657616153892
891,-0.9220000000000002,0.9957658759915773
892,-0.9200000000000002,0.9957659875424404
893,-0.9180000000000001,0.9957660961159427
894,-0.9160000000000001,0.9957662015658131
895,-0.9140000000000001,0.9957663037515455
896,-0.9120000000000001,0.9957664025383991
897,-0.9100000000000001,0.9957664977973976
898,-0.9080000000000001,0.99576658940533
899,-0.9060000000000001,0.9957666772447502
900,-0.9040000000000001,0.9957667612039771
901,-0.9020000000000001,0.9957668411770946
902,-0.9000000000000001,0.9957669170639514
903,-0.8980000000000001,0.9957669887701613
904,-0.8960000000000001,0.9957670562071034
905,-0.8940000000000001,0.9957671192919212
906,-0.8920000000000001,0.9957671779475236
907,-0.8900000000000001,0.9957672321025842
908,-0.8880000000000001,0.9957672816915419
909,-0.8860000000000001,0.9957673266546004
910,-0.8840000000000001,0.9957673669377283
911,-0.8820000000000001,0.9957674024926594
912,-0.8800000000000001,0.9957674332768921
913,-0.8780000000000001,0.9957674592536904
914,-0.8760000000000001,0.9957674803920826
915,-0.8740000000000001,0.9957674966668625
916,-0.8720000000000001,0.9957675080585885
917,-0.8700000000000001,0.9957675145535844
918,-0.8680000000000001,0.9957675161439385
919,-0.8660000000000001,0.9957675128275045
920,-0.8640000000000001,0.995767504607901
921,-0.8620000000000001,0.9957674914945112
922,-0.8600000000000001,0.9957674735024837
923,-0.8580000000000001,0.995767450652732
924,-0.8560000000000001,0.9957674229719344
925,-0.8540000000000001,0.9957673904925346
926,-0.8520000000000001,0.9957673532527407
927,-0.8500000000000001,0.9957673112965262
928,-0.8480000000000001,0.9957672646736294
929,-0.8460000000000001,0.9957672134395537
930,-0.8440000000000001,0.9957671576555674
931,-0.8420000000000001,0.9957670973887038
932,-0.8400000000000001,0.9957670327117613
933,-0.8380000000000001,0.995766963703303
934,-0.8360000000000001,0.9957668904476572
935,-0.8340000000000001,0.9957668130349171
936,-0.8320000000000001,0.995766731560941
937,-0.8300000000000001,0.995766646127352
938,-0.8280000000000001,0.9957665568415384
939,-0.8260000000000001,0.9957664638166531
940,-0.8240000000000001,0.9957663671716145
941,-0.8220000000000001,0.9957662670311056
942,-0.8200000000000001,0.9957661635255746
943,-0.8180000000000001,0.9957660567912344
944,-0.8160000000000001,0.9957659469700632
945,-0.8140000000000001,0.995765834209804
946,-0.812,0.9957657186639648
947,-0.81,0.9957656004918187
948,-0.808,0.9957654798584036
949,-0.806,0.9957653569345225
950,-0.804,0.9957652318967433
951,-0.802,0.995765104927399
952,-0.8,0.9957649762145875
953,-0.798,0.9957648459521716
954,-0.796,0.9957647143397794
955,-0.794,0.9957645815828036
956,-0.792,0.9957644478924019
957,-0.79,0.9957643134854974
958,-0.788,0.9957641785847777
959,-0.786,0.9957640434186958
960,-0.7840000000000003,0.9957639082214692
961,-0.7820000000000003,0.9957637732330809
962,-0.7800000000000002,0.9957636386992783
963,-0.7780000000000002,0.9957635048715745
964,-0.7760000000000002,0.995763372007247
965,-0.7740000000000002,0.9957632403693383
966,-0.7720000000000002,0.9957631102266563
967,-0.7700000000000002,0.9957629818537737
968,-0.7680000000000002,0.9957628555310277
969,-0.7660000000000002,0.9957627315445214
970,-0.7640000000000002,0.9957626101861221
971,-0.7620000000000002,0.9957624917534623
972,-0.7600000000000002,0.9957623765499398
973,-0.7580000000000002,0.995762264884717
974,-0.7560000000000002,0.9957621570727213
975,-0.7540000000000002,0.9957620534346453
976,-0.7520000000000002,0.9957619542969464
977,-0.7500000000000002,0.9957618599918471
978,-0.7480000000000002,0.9957617708573349
979,-0.7460000000000002,0.995761687237162
980,-0.7440000000000002,0.9957616094808459
981,-0.7420000000000002,0.9957615379436692
982,-0.7400000000000002,0.9957614729866788
983,-0.7380000000000002,0.9957614149766875
984,-0.7360000000000002,0.9957613642862723
985,-0.7340000000000002,0.9957613212937757
986,-0.7320000000000002,0.9957612863833049
987,-0.7300000000000002,0.995761259944732
988,-0.7280000000000002,0.9957612423736945
989,-0.7260000000000002,0.9957612340715946
990,-0.7240000000000002,0.9957612354455994
991,-0.7220000000000002,0.995761246908641
992,-0.7200000000000002,0.9957612688794167
993,-0.7180000000000002,0.9957613017823889
994,-0.7160000000000002,0.9957613460477842
995,-0.7140000000000002,0.9957614021115951
996,-0.7120000000000002,0.9957614704155787
997,-0.7100000000000002,0.9957615510395855
998,-0.7080000000000002,0.9957616342040472
999,-0.7060000000000002,0.9957617154213833
1000,-0.7040000000000002,0.9957617947371392
1001,-0.702,0.9957619108622782
1002,-0.7000000000000002,0.9957573069487972
1003,-0.698,0.9956871648793835
1004,-0.6960000000000002,0.995299486353292
1005,-0.694,0.9943109370892114
1006,-0.6920000000000002,0.9926231339986966
1007,-0.69,0.9902429255107773
1008,-0.6880000000000002,0.9871995178881006
1009,-0.6859999999999999,0.9835270872859857
1010,-0.6840000000000002,0.9792609571904108
1011,-0.6819999999999999,0.9744365747208568
1012,-0.6800000000000002,0.9690894413228699
1013,-0.6779999999999999,0.9632552266460702
1014,-0.6760000000000002,0.9569709061323916
1015,-0.6739999999999999,0.9502686646668415
1016,-0.6720000000000002,0.9431794843875477
1017,-0.6699999999999999,0.9357348447011098
1018,-0.6680000000000001,0.9279667222826111
1019,-0.6659999999999999,0.9199075910756062
1020,-0.6640000000000001,0.911590422292134
1021,-0.6619999999999999,0.9030486844127043
1022,-0.6600000000000001,0.8943585718474779
1023,-0.6579999999999999,0.8857582736061865
1024,-0.6560000000000001,0.8773906753837732
1025,-0.6540000000000004,0.8693597182354894
1026,-0.6520000000000001,0.86174157803571
1027,-0.6500000000000004,0.8545846654779378
1028,-0.6480000000000001,0.8479096260747913
1029,-0.6460000000000004,0.8417093401580182
1030,-0.6440000000000001,0.8359489203660987
1031,-0.6420000000000003,0.8305743885612032
1032,-0.6400000000000001,0.8255573578505032
1033,-0.6380000000000003,0.8208806100765631
1034,-0.6360000000000001,0.8165276678968268
1035,-0.6340000000000003,0.8124827947836255
1036,-0.6320000000000001,0.8087309950241702
1037,-0.6300000000000003,0.8052580137205587
1038,-0.6280000000000001,0.8020503367897688
1039,-0.6260000000000003,0.7990951909636648
1040,-0.6240000000000001,0.7963804024285607
1041,-0.6220000000000003,0.7938891754067491
1042,-0.6200000000000001,0.7916098288278968
1043,-0.6180000000000003,0.7895344236548417
1044,-0.6160000000000001,0.7876551653422441
1045,-0.6140000000000003,0.78596440383659
1046,-0.6120000000000001,0.7844546335761883
1047,-0.6100000000000003,0.783118493491173
1048,-0.6080000000000001,0.7819487670035017
1049,-0.6060000000000003,0.7809383820269568
1050,-0.6040000000000001,0.7800804109671442
1051,-0.6020000000000003,0.7793680707214946
1052,-0.6000000000000001,0.7787947226792625
1053,-0.5980000000000003,0.7783538727215269
1054,-0.5960000000000001,0.7780391712211906
1055,-0.5940000000000003,0.777844413042981
1056,-0.5920000000000001,0.7777635375434495
1057,-0.5900000000000003,0.7777906285709717
1058,-0.5880000000000001,0.7779199144657474
1059,-0.5860000000000003,0.7781457680598006
1060,-0.5840000000000001,0.7784627066769797
1061,-0.5820000000000003,0.7788653921329568
1062,-0.5800000000000001,0.7793486307352288
1063,-0.5780000000000003,0.7799073732831162
1064,-0.5760000000000001,0.7805367150677642
1065,-0.5740000000000003,0.7812318958721419
1066,-0.5720000000000001,0.7819882999710428
1067,-0.5700000000000003,0.7828014561310843
1068,-0.5680000000000001,0.7836698485635547
1069,-0.5660000000000003,0.784595087433119
1070,-0.5640000000000001,0.7855744403241154
1071,-0.5620000000000003,0.7866051534924478
1072,-0.56,0.7876845511856171
1073,-0.5580000000000003,0.7888100356427201
1074,-0.556,0.7899790870944507
1075,-0.5540000000000003,0.7911892637630982
1076,-0.552,0.7924382018625491
1077,-0.5500000000000003,0.7937236155982857
1078,-0.548,0.7950432971673875
1079,-0.5460000000000003,0.7963951167585293
1080,-0.544,0.7977770225519832
1081,-0.5420000000000003,0.7991870407196169
1082,-0.54,0.8006232754248955
1083,-0.5380000000000003,0.8020839088228793
1084,-0.536,0.8035783593490294
1085,-0.5340000000000003,0.8051308716219123
1086,-0.532,0.8066190663540561
1087,-0.5300000000000002,0.807885245471276
1088,-0.528,0.8087556138050856
1089,-0.5260000000000002,0.8090492706503407
1090,-0.524,0.8087630409755285
1091,-0.5220000000000002,0.8079462329544143
1092,-0.52,0.8066228797221765
1093,-0.5180000000000002,0.8048189987725348
1094,-0.516,0.8025627781001864
1095,-0.5140000000000002,0.7998827622411545
1096,-0.512,0.7968033345683382
1097,-0.5100000000000002,0.793348601688035
1098,-0.508,0.7895428919029626
1099,-0.5060000000000002,0.7854107552122642
1100,-0.504,0.7809769633115028
1101,-0.5020000000000002,0.7762665095926675
1102,-0.5,0.7713046091441661
1103,-0.4980000000000002,0.7661166987508338
1104,-0.496,0.7607284368939234
1105,-0.4940000000000002,0.7551928939552275
1106,-0.492,0.7496941643791132
1107,-0.4900000000000002,0.7443707951742811
1108,-0.488,0.739326414085328
1109,-0.4860000000000002,0.7346369859633994
1110,-0.484,0.7303508127661803
1111,-0.4820000000000002,0.7264885335579034
1112,-0.48,0.7230431245093419
1113,-0.4780000000000002,0.7199798988978161
1114,-0.476,0.7172365071071872
1115,-0.4740000000000002,0.7147229366278629
1116,-0.472,0.7123824527872493
1117,-0.4700000000000002,0.7102914230080978
1118,-0.46799999999999997,0.7084425185410309
1119,-0.4660000000000002,0.7068235205482998
1120,-0.46399999999999997,0.7054227440523075
1121,-0.4620000000000002,0.7042290379356118
1122,-0.45999999999999996,0.7032317849409223
1123,-0.4580000000000002,0.7024209016711037
1124,-0.45599999999999996,0.7017868385891726
1125,-0.4540000000000002,0.7013205800182997
1126,-0.45199999999999996,0.7010135846353213
1127,-0.4500000000000002,0.7008529172291171
1128,-0.44799999999999995,0.7008295033488874
1129,-0.4460000000000002,0.7009382572326824
1130,-0.44399999999999995,0.7011741554222469
1131,-0.44200000000000017,0.7015322367630189
1132,-0.43999999999999995,0.7020076024041306
1133,-0.43800000000000017,0.7025954157984075
1134,-0.43599999999999994,0.7032909027023693
1135,-0.43400000000000016,0.7040893511762293
1136,-0.43199999999999994,0.7049861115838949
1137,-0.43000000000000016,0.7059765965929667
1138,-0.42799999999999994,0.7070562811747398
1139,-0.42600000000000016,0.7082207026042023
1140,-0.42399999999999993,0.7094654604600369
1141,-0.42200000000000015,0.7107862166246193
1142,-0.41999999999999993,0.7121786952840198
1143,-0.41800000000000015,0.7136386829280015
1144,-0.4159999999999999,0.7151620283500225
1145,-0.41400000000000015,0.7167446426472335
1146,-0.4119999999999999,0.7183824992204799
1147,-0.41000000000000014,0.7200716337743002
1148,-0.4079999999999999,0.7218081443169275
1149,-0.40600000000000014,0.7235881911602875
1150,-0.4039999999999999,0.725407996920001
1151,-0.40200000000000014,0.7272638465153815
1152,-0.3999999999999999,0.7291520871694372
1153,-0.39800000000000013,0.7310691284088691
1154,-0.39600000000000035,0.7330114420640728
1155,-0.39400000000000013,0.7349767751579395
1156,-0.39200000000000035,0.7369692021967944
1157,-0.3900000000000001,0.7389877701978432
1158,-0.38800000000000034,0.7410305355461834
1159,-0.3860000000000001,0.7430956247388598
1160,-0.38400000000000034,0.7451812343848618
1161,-0.3820000000000001,0.7472856312051266
1162,-0.38000000000000034,0.7494071520325355
1163,-0.3780000000000001,0.7515440806012219
1164,-0.37600000000000033,0.7536944219623632
1165,-0.3740000000000001,0.7558584081556872
1166,-0.37200000000000033,0.7580346592489349
1167,-0.3700000000000001,0.7602193797779195
1168,-0.3680000000000003,0.7624118491592613
1169,-0.3660000000000001,0.7645368471994941
1170,-0.3640000000000003,0.7664198245766419
1171,-0.3620000000000001,0.7679066611041159
1172,-0.3600000000000003,0.7688690026007641
1173,-0.3580000000000001,0.7692657926418572
1174,-0.3560000000000003,0.7691478817910755
1175,-0.3540000000000001,0.7685384094934196
1176,-0.3520000000000003,0.7674616120458351
1177,-0.3500000000000001,0.7659427079602897
1178,-0.3480000000000003,0.7640066217705027
1179,-0.3460000000000001,0.7616780367198763
1180,-0.3440000000000003,0.7589812350160001
1181,-0.3420000000000001,0.7559400285117756
1182,-0.3400000000000003,0.7525777587054208
1183,-0.3380000000000001,0.7489172967404658
1184,-0.3360000000000003,0.7449810434057578
1185,-0.3340000000000001,0.740790929135455
1186,-0.3320000000000003,0.7363684140090337
1187,-0.33000000000000007,0.7317114484844127
1188,-0.3280000000000003,0.7268653910431828
1189,-0.32600000000000007,0.7219647250740516
1190,-0.3240000000000003,0.7171327927593028
1191,-0.32200000000000006,0.7124800325362602
1192,-0.3200000000000003,0.7081039790972968
1193,-0.31800000000000006,0.7040892633898259
1194,-0.3160000000000003,0.7004841682915673
1195,-0.31400000000000006,0.6972211554146118
1196,-0.3120000000000003,0.6942745670587624
1197,-0.31000000000000005,0.691627824232819
1198,-0.3080000000000003,0.6892651370706064
1199,-0.30600000000000005,0.6871715048309706
1200,-0.30400000000000027,0.6853327158977817
1201,-0.30200000000000005,0.6837343941573134
1202,-0.30000000000000027,0.6823554419574571
1203,-0.29800000000000004,0.6811849496192663
1204,-0.29600000000000026,0.6802149639020566
1205,-0.29400000000000004,0.6794376493425294
1206,-0.29200000000000026,0.6788452882547743
1207,-0.29000000000000004,0.6784302807302673
1208,-0.28800000000000026,0.6781851446378716
1209,-0.28600000000000003,0.6781025156238376
1210,-0.28400000000000025,0.6781751471118025
1211,-0.28200000000000003,0.6783959103027908
1212,-0.28000000000000025,0.6787577941752138
1213,-0.278,0.6792539054848702
1214,-0.27600000000000025,0.6798774687649454
1215,-0.274,0.6806218263260122
1216,-0.27200000000000024,0.6814804382560301
1217,-0.27,0.682446882420346
1218,-0.26800000000000024,0.6835148544616936
1219,-0.266,0.6846781678001939
1220,-0.26400000000000023,0.6859307536333544
1221,-0.262,0.6872666609360707
1222,-0.26000000000000023,0.6886800564606241
1223,-0.258,0.6901652247366844
1224,-0.2560000000000002,0.6917165680713071
1225,-0.254,0.693328606548936
1226,-0.2520000000000002,0.6949959780314007
1227,-0.25,0.6967134381579192
1228,-0.24800000000000022,0.6984758603450951
1229,-0.246,0.7002802752510002
1230,-0.24400000000000022,0.7021325158231789
1231,-0.242,0.704030954787558
1232,-0.2400000000000002,0.7059727918116182
1233,-0.238,0.7079553223995304
1234,-0.2360000000000002,0.7099759378921516
1235,-0.23399999999999999,0.7120321254670288
1236,-0.2320000000000002,0.7141214681383952
1237,-0.22999999999999998,0.7162416447571739
1238,-0.2280000000000002,0.7183904300109747
1239,-0.22599999999999998,0.7205656944240967
1240,-0.2240000000000002,0.7227650131541916
1241,-0.22199999999999998,0.7249856459751617
1242,-0.2200000000000002,0.7272269056416963
1243,-0.21799999999999997,0.7294879445165222
1244,-0.2160000000000002,0.7317675628892146
1245,-0.21399999999999997,0.7340642089762016
1246,-0.2120000000000002,0.7363759789207596
1247,-0.20999999999999996,0.7387006167930176
1248,-0.20800000000000018,0.7410355145899531
1249,-0.20599999999999996,0.7433777122353964
1250,-0.20400000000000018,0.745723897580026
1251,-0.20199999999999996,0.7480652908591625
1252,-0.20000000000000018,0.7502757792990713
1253,-0.19799999999999995,0.7521621710488029
1254,-0.19600000000000017,0.7535835218047161
1255,-0.19399999999999995,0.754454220808599
1256,-0.19200000000000017,0.7547439908476673
1257,-0.18999999999999995,0.7544778882545649
1258,-0.18800000000000017,0.753736302907364
1259,-0.18599999999999994,0.7526493653074788
1260,-0.18400000000000016,0.7511946649251616
1261,-0.18199999999999994,0.7493385764235929
1262,-0.18000000000000016,0.7471049364031458
1263,-0.17799999999999994,0.7445171748970448
1264,-0.17600000000000016,0.7415983153713701
1265,-0.17399999999999993,0.7383709747250529
1266,-0.17200000000000015,0.7348573632898802
1267,-0.16999999999999993,0.7310792848304899
1268,-0.16800000000000015,0.7270252551838498
1269,-0.16599999999999993,0.7226701875119019
1270,-0.16400000000000015,0.7181040077094104
1271,-0.16199999999999992,0.7134235228146137
1272,-0.16000000000000014,0.7087276240803624
1273,-0.15799999999999992,0.7041172869741099
1274,-0.15600000000000014,0.6996955711779215
1275,-0.15399999999999991,0.695567620588466
1276,-0.15200000000000014,0.6918406633170233
1277,-0.1499999999999999,0.6885606912605478
1278,-0.14800000000000013,0.6856093885944505
1279,-0.1459999999999999,0.6829629810953046
1280,-0.14400000000000013,0.680605463060618
1281,-0.14200000000000035,0.6785215778965761
1282,-0.14000000000000012,0.6766968181180429
1283,-0.13800000000000034,0.6751174253485631
1284,-0.13600000000000012,0.6737703903203581
1285,-0.13400000000000034,0.6726419047352664
1286,-0.13200000000000012,0.6717090884800526
1287,-0.13000000000000034,0.6709623951255567
1288,-0.1280000000000001,0.6703955193758465
1289,-0.12600000000000033,0.6700021949757796
1290,-0.12400000000000011,0.6697761947110012
1291,-0.12200000000000033,0.6697113304079461
1292,-0.1200000000000001,0.669801452933837
1293,-0.11800000000000033,0.6700404521966855
1294,-0.1160000000000001,0.6704222571452922
1295,-0.11400000000000032,0.670940835769246
1296,-0.1120000000000001,0.6715901950989245
1297,-0.11000000000000032,0.6723643812054938
1298,-0.1080000000000001,0.6732574792009093
1299,-0.10600000000000032,0.6742636132379141
1300,-0.10400000000000009,0.6753769465100409
1301,-0.10200000000000031,0.6765916812516102
1302,-0.10000000000000009,0.6779020587377321
1303,-0.09800000000000031,0.6793023592843044
1304,-0.09600000000000009,0.6807869022480144
1305,-0.0940000000000003,0.6823500460263371
1306,-0.09200000000000008,0.6839861880575373
1307,-0.0900000000000003,0.6856897648206673
1308,-0.08800000000000008,0.6874552518355693
1309,-0.0860000000000003,0.6892771636628727
1310,-0.08400000000000007,0.6911500539039973
1311,-0.0820000000000003,0.6930685152011495
1312,-0.08000000000000007,0.6950271792373265
1313,-0.07800000000000029,0.6970207167363122
1314,-0.07600000000000007,0.699043837462681
1315,-0.07400000000000029,0.701091290221794
1316,-0.07200000000000006,0.7031638493066196
1317,-0.07000000000000028,0.7052713931880965
1318,-0.06800000000000006,0.7074121885878181
1319,-0.06600000000000028,0.7095840677637092
1320,-0.06400000000000006,0.7117849197528279
1321,-0.06200000000000028,0.7140126903713611
1322,-0.06000000000000005,0.7162653822146288
1323,-0.058000000000000274,0.7185410546570802
1324,-0.05600000000000005,0.7208378238522972
1325,-0.05400000000000027,0.7231538627329913
1326,-0.052000000000000046,0.7254874010110066
1327,-0.050000000000000266,0.7278367251773163
1328,-0.04800000000000004,0.730200178502027
1329,-0.04600000000000026,0.7325761610343738
1330,-0.04400000000000004,0.7349631296027255
1331,-0.04200000000000026,0.7373595978145794
1332,-0.040000000000000036,0.7397641360565661
1333,-0.038000000000000256,0.7421995974954454
1334,-0.03600000000000003,0.7446613002761175
1335,-0.03400000000000025,0.7470267221915708
1336,-0.03200000000000003,0.7491450922166507
1337,-0.03000000000000025,0.75084007488041
1338,-0.028000000000000025,0.7519634784661139
1339,-0.026000000000000245,0.7525599808509179
1340,-0.02400000000000002,0.7526531047072874
1341,-0.02200000000000024,0.7522640269967052
1342,-0.020000000000000018,0.751416824688829
1343,-0.018000000000000238,0.7501367210572881
1344,-0.016000000000000014,0.7484473521457293
1345,-0.014000000000000234,0.7463726331282045
1346,-0.01200000000000001,0.7439360733411411
1347,-0.010000000000000231,0.7411607729031692
1348,-0.008000000000000007,0.7380694227151169
1349,-0.006000000000000227,0.7346843044600153
1350,-0.0040000000000000036,0.7310272906030932
1351,-0.002000000000000224,0.7271162485311693
1352,0.0,0.722904179229637
1353,0.0019999999999997797,0.7184450203153924
1354,0.0040000000000000036,0.7138391476523465
1355,0.005999999999999783,0.7091881645704856
1356,0.008000000000000007,0.7045949018658628
1357,0.009999999999999787,0.7001634178006061
1358,0.01200000000000001,0.6959989981029104
1359,0.01399999999999979,0.6922081559670457
1360,0.016000000000000014,0.6888679980188335
1361,0.017999999999999794,0.6858722652370558
1362,0.020000000000000018,0.6831838915576713
1363,0.021999999999999797,0.6807867225297134
1364,0.02400000000000002,0.6786653640374095
1365,0.0259999999999998,0.676805182300186
1366,0.028000000000000025,0.6751923038726644
1367,0.029999999999999805,0.6738136156446639
1368,0.03200000000000003,0.6726549403314549
1369,0.03399999999999981,0.6716942007364466
1370,0.03600000000000003,0.6709222705425109
1371,0.03799999999999981,0.6703325297806849
1372,0.040000000000000036,0.6699184142265895
1373,0.041999999999999815,0.6696734154004298
1374,0.04400000000000004,0.6695910805669951
1375,0.04599999999999982,0.6696650127356587
1376,0.04800000000000004,0.669888870660378
1377,0.04999999999999982,0.6702563688396946
1378,0.052000000000000046,0.6707612775167344
1379,0.053999999999999826,0.671397422679207
1380,0.05600000000000005,0.6721586860594064
1381,0.05799999999999983,0.6730390051342106
1382,0.06000000000000005,0.674032373125082
1383,0.06199999999999983,0.6751328389980665
1384,0.06400000000000006,0.6763345074637952
1385,0.06599999999999984,0.6776315389774819
1386,0.06800000000000006,0.6790181497389258
1387,0.06999999999999984,0.6804886116925093
1388,0.07200000000000006,0.6820372525271998
1389,0.07399999999999984,0.6836584556765478
1390,0.07600000000000007,0.685346660318689
1391,0.07799999999999985,0.687096361376342
1392,0.08000000000000007,0.688902109516811
1393,0.08199999999999985,0.6907585111519826
1394,0.08400000000000007,0.6926602284383294
1395,0.08599999999999985,0.6946019792769063
1396,0.08800000000000008,0.696578537313354
1397,0.08999999999999986,0.6985847319378955
1398,0.09200000000000008,0.7006174950697476
1399,0.09399999999999986,0.7026845174822883
1400,0.09600000000000009,0.7047857122140443
1401,0.09799999999999986,0.7069193443246815
1402,0.10000000000000009,0.7090836928268083
1403,0.10199999999999987,0.7112770506859724
1404,0.10400000000000009,0.7134977248206638
1405,0.10599999999999987,0.7157440361023116
1406,0.1080000000000001,0.7180143193552879
1407,0.10999999999999988,0.7203069233569034
1408,0.11199999999999966,0.7226202108374109
1409,0.11399999999999988,0.7249525584800045
1410,0.11599999999999966,0.7273023569208173
1411,0.11799999999999988,0.7296680107489254
1412,0.11999999999999966,0.7320479385063435
1413,0.12199999999999989,0.7344405726880294
1414,0.12399999999999967,0.7368443597418796
1415,0.1259999999999999,0.7392577600687331
1416,0.12799999999999967,0.7416792480223683
1417,0.1299999999999999,0.7441073119095061
1418,0.13199999999999967,0.7465404539898062
1419,0.1339999999999999,0.7489771904758712
1420,0.13599999999999968,0.7514160515332425
1421,0.1379999999999999,0.7538555812804044
1422,0.13999999999999968,0.7562943377887799
1423,0.1419999999999999,0.7587308930827349
1424,0.14399999999999968,0.761163833139574
1425,0.1459999999999999,0.7635917578895449
1426,0.1479999999999997,0.766013782283779
1427,0.1499999999999999,0.7684300183954874
1428,0.1519999999999997,0.7708401451856078
1429,0.15399999999999991,0.7732438214757964
1430,0.1559999999999997,0.7756406994697854
1431,0.15799999999999992,0.7780304247533876
1432,0.1599999999999997,0.7804126362944916
1433,0.16199999999999992,0.7827869664430666
1434,0.1639999999999997,0.7851530409311576
1435,0.16599999999999993,0.7875104788728902
1436,0.1679999999999997,0.7898588927644657
1437,0.16999999999999993,0.7921978884841664
1438,0.1719999999999997,0.7945270652923501
1439,0.17399999999999993,0.7968460158314551
1440,0.1759999999999997,0.7991543261259958
1441,0.17799999999999994,0.8014515755825669
1442,0.17999999999999972,0.8037373369898393
1443,0.18199999999999994,0.806011176518564
1444,0.18399999999999972,0.8082726537215685
1445,0.18599999999999994,0.8105213215337602
1446,0.18799999999999972,0.8127567262721229
1447,0.18999999999999995,0.8149784076357204
1448,0.19199999999999973,0.8171858987056928
1449,0.19399999999999995,0.8193787259452606
1450,0.19599999999999973,0.8215564091997203
1451,0.19799999999999995,0.8237184616964487
1452,0.19999999999999973,0.8258643900448988
1453,0.20199999999999996,0.8279936942366035
1454,0.20399999999999974,0.8301058676451727
1455,0.20599999999999996,0.8322003970262956
1456,0.20799999999999974,0.8342767625177382
1457,0.20999999999999996,0.8363344376393465
1458,0.21199999999999974,0.8383731733688897
1459,0.21399999999999997,0.8403939187908815
1460,0.21599999999999975,0.8423968746486172
1461,0.21799999999999997,0.8443821125655107
1462,0.21999999999999975,0.8463496988466472
1463,0.22199999999999998,0.8482996944787863
1464,0.22399999999999975,0.8502321551303587
1465,0.22599999999999998,0.8521471311514693
1466,0.22799999999999976,0.8540446675738943
1467,0.22999999999999998,0.855924804111084
1468,0.23199999999999976,0.8577875751581601
1469,0.23399999999999999,0.8596330097919184
1470,0.23599999999999977,0.861461131770826
1471,0.238,0.8632719595350241
1472,0.23999999999999977,0.8650655062063253
1473,0.242,0.8668417795882163
1474,0.24399999999999977,0.8686007821658551
1475,0.246,0.8703425111060739
1476,0.24799999999999978,0.8720669582573761
1477,0.25,0.8737741101499393
1478,0.2519999999999998,0.8754639479956126
1479,0.254,0.8771364476879188
1480,0.2559999999999998,0.8787915798020522
1481,0.258,0.8804293095948817
1482,0.2599999999999998,0.8820495970049469
1483,0.262,0.8836523966524618
1484,0.2639999999999998,0.8852376578393115
1485,0.266,0.8868053245490557
1486,0.2679999999999998,0.8883553354469249
1487,0.27,0.8898876238798241
1488,0.2719999999999998,0.8914021178763295
1489,0.274,0.8928987401466912
1490,0.2759999999999998,0.8943774080828312
1491,0.278,0.8958380337583448
1492,0.2799999999999998,0.8972806309110476
1493,0.28200000000000003,0.8987058401651941
1494,0.2839999999999998,0.9001139309532264
1495,0.28600000000000003,0.901505076237184
1496,0.2879999999999998,0.9028794453677824
1497,0.29000000000000004,0.9042372040844165
1498,0.2919999999999998,0.9055785145151581
1499,0.29400000000000004,0.906903535176758
1500,0.2959999999999998,0.9082124209746437
1501,0.29800000000000004,0.9095053232029219
1502,0.2999999999999998,0.910782389544376
1503,0.30200000000000005,0.9120437640704685
1504,0.3039999999999998,0.9132895872413388
1505,0.30600000000000005,0.9145199959058055
1506,0.30799999999999983,0.9157351233013636
1507,0.31000000000000005,0.9169350990541876
1508,0.31199999999999983,0.9181200491791285
1509,0.31400000000000006,0.9192900960797165
1510,0.31599999999999984,0.9204453585481586
1511,0.31800000000000006,0.921585951765341
1512,0.31999999999999984,0.9227119873008265
1513,0.32200000000000006,0.923823573112857
1514,0.32399999999999984,0.9249208135483514
1515,0.32600000000000007,0.9260038093429076
1516,0.32799999999999985,0.9270726576208002
1517,0.33000000000000007,0.9281274518949828
1518,0.33199999999999985,0.9291682820670861
1519,0.3340000000000001,0.9301952344274197
1520,0.33599999999999985,0.9312083916549702
1521,0.3380000000000001,0.9322078328174027
1522,0.33999999999999986,0.9331936333710599
1523,0.3420000000000001,0.934165865160963
1524,0.34399999999999986,0.9351245964208104
1525,0.3460000000000001,0.9360698917729791
1526,0.34799999999999986,0.9370018122285234
1527,0.3500000000000001,0.9379204417736375
1528,0.35199999999999987,0.9388261651562396
1529,0.3540000000000001,0.9397192178164638
1530,0.35599999999999987,0.9405997574208802
1531,0.3580000000000001,0.9414679393687455
1532,0.3599999999999999,0.9423239167920026
1533,0.3620000000000001,0.943167840555281
1534,0.3639999999999999,0.9439998592558965
1535,0.3660000000000001,0.9448201192238515
1536,0.3679999999999999,0.9456287645218341
1537,0.36999999999999966,0.9464259369452197
1538,0.3719999999999999,0.9472117760220697
1539,0.37399999999999967,0.9479864190131316
1540,0.3759999999999999,0.9487500009118399
1541,0.37799999999999967,0.9495026544443148
1542,0.3799999999999999,0.9502445100693636
1543,0.3819999999999997,0.9509756959784793
1544,0.3839999999999999,0.951696338095842
1545,0.3859999999999997,0.9524065600783174
1546,0.3879999999999999,0.9531064833154583
1547,0.3899999999999997,0.9537962269295035
1548,0.3919999999999999,0.9544759077753785
1549,0.3939999999999997,0.9551456404406947
1550,0.3959999999999999,0.9558055372457505
1551,0.3979999999999997,0.9564557082435299
1552,0.3999999999999999,0.9570962612197044
1553,0.4019999999999997,0.9577273016926307
1554,0.4039999999999999,0.9583489329133528
1555,0.4059999999999997,0.9589612558656005
1556,0.4079999999999999,0.9595643692657907
1557,0.4099999999999997,0.9601583695630256
1558,0.4119999999999999,0.9607433509390949
1559,0.4139999999999997,0.9613194053084739
1560,0.4159999999999999,0.961886622318325
1561,0.4179999999999997,0.9624450893484962
1562,0.41999999999999993,0.9629949371760594
1563,0.4219999999999997,0.9635363479318413
1564,0.42399999999999993,0.9640694433631412
1565,0.4259999999999997,0.9645943425149736
1566,0.42799999999999994,0.9651111627966613
1567,0.4299999999999997,0.9656200199818344
1568,0.43199999999999994,0.9661210282084314
1569,0.4339999999999997,0.9666142999786979
1570,0.43599999999999994,0.9670999461591879
1571,0.4379999999999997,0.9675780759807628
1572,0.43999999999999995,0.9680487970385921
1573,0.4419999999999997,0.9685122152921528
1574,0.44399999999999995,0.9689684350652301
1575,0.44599999999999973,0.9694175590459164
1576,0.44799999999999995,0.9698596882866126
1577,0.44999999999999973,0.9702949222040268
1578,0.45199999999999996,0.9707233585791755
1579,0.45399999999999974,0.9711450935573822
1580,0.45599999999999996,0.971560221648279
1581,0.45799999999999974,0.9719688357258053
1582,0.45999999999999996,0.9723710270282087
1583,0.46199999999999974,0.9727668851580439
1584,0.46399999999999997,0.9731564980821743
1585,0.46599999999999975,0.9735399521317704
1586,0.46799999999999997,0.973917332002311
1587,0.46999999999999975,0.9742887207535822
1588,0.472,0.9746541998096784
1589,0.47399999999999975,0.9750138489590012
1590,0.476,0.9753677463542609
1591,0.47799999999999976,0.9757159685124746
1592,0.48,0.9760585903149679
1593,0.48199999999999976,0.9763956850073738
1594,0.484,0.9767273241996336
1595,0.48599999999999977,0.9770535778659957
1596,0.488,0.9773745143450168
1597,0.48999999999999977,0.9776902003395611
1598,0.492,0.9780007009168011
1599,0.4939999999999998,0.9783060795082166
1600,0.496,0.9786064019135228
1601,0.4979999999999998,0.9789017945192985
1602,0.5,0.9791923518851714
1603,0.5019999999999998,0.9794781479010869
1604,0.504,0.979759255525979
1605,0.5059999999999998,0.980035746787769
1606,0.508,0.9803076927833666
1607,0.5099999999999998,0.9805751636786696
1608,0.512,0.9808382287085634
1609,0.5139999999999998,0.9810969561769215
1610,0.516,0.9813514134566057
1611,0.5179999999999998,0.9816016669894653
1612,0.52,0.9818477822863377
1613,0.5219999999999998,0.9820898239270487
1614,0.524,0.9823278555604115
1615,0.5259999999999998,0.9825619399042276
1616,0.528,0.9827921387452864
1617,0.5299999999999998,0.9830185129393653
1618,0.532,0.9832411224112296
1619,0.5339999999999998,0.9834600261546327
1620,0.536,0.983675282232316
1621,0.5379999999999998,0.9838869477760087
1622,0.54,0.9840950789864281
1623,0.5419999999999998,0.9842997311332794
1624,0.544,0.984500958555256
1625,0.5459999999999998,0.984698814660039
1626,0.548,0.9848933519242976
1627,0.5499999999999998,0.985084621893689
1628,0.552,0.9852726751828583
1629,0.5539999999999998,0.9854575614754386
1630,0.556,0.9856393295240513
1631,0.5579999999999998,0.9858180271503051
1632,0.56,0.9859937012447973
1633,0.5619999999999998,0.9861663977671129
1634,0.5640000000000001,0.9863361617458248
1635,0.5659999999999998,0.9865030372784942
1636,0.5680000000000001,0.98666706753167
1637,0.5699999999999998,0.9868282947408892
1638,0.5720000000000001,0.9869867602106767
1639,0.5739999999999998,0.9871425043145453
1640,0.5760000000000001,0.9872955664949961
1641,0.5779999999999998,0.9874459852635178
1642,0.5800000000000001,0.9875937982005875
1643,0.5819999999999999,0.9877390651852602
1644,0.5840000000000001,0.9878818486856072
1645,0.5859999999999999,0.9880221875736673
1646,0.5880000000000001,0.9881601202763016
1647,0.5899999999999999,0.988295684778179
1648,0.5920000000000001,0.9884289186217764
1649,0.5939999999999999,0.988559858907379
1650,0.5960000000000001,0.9886885422930796
1651,0.5979999999999999,0.9888150049947791
1652,0.6000000000000001,0.9889392827861867
1653,0.6019999999999999,0.9890614109988191
1654,0.6040000000000001,0.9891814245220012
1655,0.6059999999999999,0.9892993578028659
1656,0.6080000000000001,0.9894152448463542
1657,0.6099999999999999,0.9895291192152148
1658,0.6120000000000001,0.9896410140300047
1659,0.6139999999999999,0.9897509619690884
1660,0.6160000000000001,0.9898589952686391
1661,0.6179999999999999,0.9899651457226372
1662,0.6200000000000001,0.9900694446828717
1663,0.6219999999999999,0.9901719230589393
1664,0.6240000000000001,0.9902726113182447
1665,0.6259999999999999,0.9903715394860008
1666,0.6279999999999997,0.990468737145228
1667,0.6299999999999999,0.9905642334367553
1668,0.6319999999999997,0.990658057059219
1669,0.6339999999999999,0.9907502362690642
1670,0.6359999999999997,0.9908407988805431
1671,0.6379999999999999,0.9909297722657167
1672,0.6399999999999997,0.9910171833544533
1673,0.6419999999999999,0.9911030586344297
1674,0.6439999999999997,0.9911874241511304
1675,0.6459999999999999,0.9912703055078479
1676,0.6479999999999997,0.9913517278656828
1677,0.6499999999999999,0.9914317159435436
1678,0.6519999999999997,0.9915102940181468
1679,0.6539999999999999,0.991587485924017
1680,0.6559999999999997,0.9916633150534865
1681,0.6579999999999999,0.9917378043566958
1682,0.6599999999999997,0.9918109763415934
1683,0.6619999999999999,0.9918828530739358
1684,0.6639999999999997,0.9919534561772873
1685,0.6659999999999999,0.9920228068330202
1686,0.6679999999999997,0.992090925780315
1687,0.6699999999999999,0.9921578333161601
1688,0.6719999999999997,0.9922235540272326
1689,0.6739999999999999,0.9922881195272221
1690,0.6759999999999997,0.9923515484544065
1691,0.6779999999999999,0.992413858537611
1692,0.6799999999999997,0.9924750673292875
1693,0.6819999999999999,0.9925351922055153
1694,0.6839999999999997,0.9925942503660012
1695,0.6859999999999999,0.9926522588340788
1696,0.6879999999999997,0.9927092344567093
1697,0.69,0.9927651939044808
1698,0.6919999999999997,0.992820153671609
1699,0.694,0.9928741300759365
1700,0.6959999999999997,0.9929271392589334
1701,0.698,0.9929791971856968
1702,0.6999999999999997,0.9930303196449511
1703,0.702,0.9930805222490482
1704,0.7039999999999997,0.9931298204339669
1705,0.706,0.9931782294593132
1706,0.7079999999999997,0.9932257644083208
1707,0.71,0.99327244018785
1708,0.7119999999999997,0.9933182715283889
1709,0.714,0.9933632729840525
1710,0.7159999999999997,0.993407458932583
1711,0.718,0.9934508435753502
1712,0.7199999999999998,0.9934934409373506
1713,0.722,0.9935352648672084
1714,0.7239999999999998,0.993576329037175
1715,0.726,0.9936166469431286
1716,0.7279999999999998,0.9936562319045751
1717,0.73,0.9936950970646474
1718,0.7319999999999998,0.9937332553901057
1719,0.734,0.9937707196713376
1720,0.7359999999999998,0.9938075025223574
1721,0.738,0.9938436163808073
1722,0.7399999999999998,0.9938790735079563
1723,0.742,0.9939138859887009
1724,0.7439999999999998,0.9939480657315646
1725,0.746,0.9939816244686983
1726,0.7479999999999998,0.9940145737558799
1727,0.75,0.9940469249725149
1728,0.7519999999999998,0.9940786893216358
1729,0.754,0.9941098778299022
1730,0.7559999999999998,0.9941405013476013
1731,0.758,0.9941705705486474
1732,0.7599999999999998,0.9942000959305818
1733,0.762,0.9942290878145733
1734,0.7639999999999998,0.9942575563454178
1735,0.766,0.9942855114915384
1736,0.7679999999999998,0.9943129630449857
1737,0.77,0.9943399206214374
1738,0.7719999999999998,0.9943663940342656
1739,0.774,0.9943923943121791
1740,0.7759999999999998,0.9944179291211719
1741,0.778,0.9944430055089261
1742,0.7799999999999998,0.9944676304654226
1743,0.782,0.9944918109229421
1744,0.7839999999999998,0.9945155537560637
1745,0.786,0.9945388657816663
1746,0.7879999999999998,0.9945617537589274
1747,0.79,0.994584224389324
1748,0.7919999999999998,0.9946062843166323
1749,0.794,0.9946279401269275
1750,0.7959999999999998,0.9946491983485839
1751,0.798,0.9946700654522751
1752,0.7999999999999998,0.9946905478509738
1753,0.802,0.9947106518999518
1754,0.8039999999999998,0.99473038389678
1755,0.806,0.9947497500813289
1756,0.8079999999999998,0.9947687566357676
1757,0.81,0.9947874096845645
1758,0.8119999999999998,0.9948057152944872
1759,0.8140000000000001,0.9948236794746028
1760,0.8159999999999998,0.9948413081762769
1761,0.8180000000000001,0.9948586072931748
1762,0.8199999999999998,0.9948755826612605
1763,0.8220000000000001,0.9948922400587977
1764,0.8239999999999998,0.9949085852063487
1765,0.8260000000000001,0.9949246237667754
1766,0.8279999999999998,0.9949403613452384
1767,0.8300000000000001,0.9949558034891981
1768,0.8319999999999999,0.9949709556884133
1769,0.8340000000000001,0.9949858233749426
1770,0.8359999999999999,0.9950004119231433
1771,0.8380000000000001,0.995014726649672
1772,0.8399999999999999,0.9950287728134847
1773,0.8420000000000001,0.9950425556158362
1774,0.8439999999999999,0.9950560802002806
1775,0.8460000000000001,0.9950693516526713
1776,0.8479999999999999,0.9950823750011605
1777,0.8500000000000001,0.9950951552161998
1778,0.8519999999999999,0.99510769721054
1779,0.8540000000000001,0.9951200058392311
1780,0.8559999999999999,0.9951320858996219
1781,0.8580000000000001,0.9951439421313606
1782,0.8599999999999999,0.9951555792163945
1783,0.8620000000000001,0.9951670017789703
1784,0.8639999999999999,0.9951782143856336
1785,0.8660000000000001,0.995189221545229
1786,0.8679999999999999,0.9952000277089007
1787,0.8700000000000001,0.9952106372700916
1788,0.8719999999999999,0.9952210545645441
1789,0.8740000000000001,0.9952312838702996
1790,0.8759999999999999,0.9952413294076986
1791,0.8780000000000001,0.9952511953393809
1792,0.8799999999999999,0.9952608857606307
1793,0.8819999999999997,0.9952704040415934
1794,0.8839999999999999,0.9952797525541076
1795,0.8859999999999997,0.9952889335892251
1796,0.8879999999999999,0.9952979494279198
1797,0.8899999999999997,0.9953068023410886
1798,0.8919999999999999,0.9953154945895502
1799,0.8939999999999997,0.995324028424046
1800,0.8959999999999999,0.9953324060852399
1801,0.8979999999999997,0.9953406298037181
1802,0.8999999999999999,0.9953487017999894
1803,0.9019999999999997,0.9953566242844846
1804,0.9039999999999999,0.9953643994575575
1805,0.9059999999999997,0.995372029509484
1806,0.9079999999999999,0.9953795166204623
1807,0.9099999999999997,0.9953868629606133
1808,0.9119999999999999,0.9953940706899803
1809,0.9139999999999997,0.9954011419585288
1810,0.9159999999999999,0.9954080789061468
1811,0.9179999999999997,0.995414883662645
1812,0.9199999999999999,0.9954215583477561
1813,0.9219999999999997,0.9954281050711355
1814,0.9239999999999999,0.9954345259323611
1815,0.9259999999999997,0.995440823020933
1816,0.9279999999999999,0.9954469984162736
1817,0.9299999999999997,0.9954530541877281
1818,0.9319999999999999,0.9954589923945639
1819,0.9339999999999997,0.995464815085971
1820,0.9359999999999999,0.9954705243010615
1821,0.9379999999999997,0.9954761220688704
1822,0.94,0.9954816104083545
1823,0.9419999999999997,0.9954869913283937
1824,0.944,0.9954922668277897
1825,0.9459999999999997,0.9954974388952671
1826,0.948,0.9955025095094727
1827,0.9499999999999997,0.9955074806389758
1828,0.952,0.995512354242268
1829,0.9539999999999997,0.9955171322677635
1830,0.956,0.9955218166537988
1831,0.9579999999999997,0.9955264093286328
1832,0.96,0.995530912210447
1833,0.9619999999999997,0.9955353272073452
1834,0.964,0.9955396562173535
1835,0.9659999999999997,0.9955439011284207
1836,0.968,0.9955480638184179
1837,0.9699999999999998,0.9955521461551384
1838,0.972,0.9955561499962984
1839,0.9739999999999998,0.995560077189536
1840,0.976,0.9955639295724121
1841,0.9779999999999998,0.99556770897241
1842,0.98,0.9955714172069351
1843,0.9819999999999998,0.9955750560833156
1844,0.984,0.995578627398802
1845,0.9859999999999998,0.9955821329405671
1846,0.988,0.9955855744857062
1847,0.9899999999999998,0.9955889538012371
1848,0.992,0.9955922726441
1849,0.9939999999999998,0.9955955327611574
1850,0.996,0.9955987358891945
1851,0.9979999999999998,0.9956018837549184
1852,1.0,0.9956049780749593
1853,1.0019999999999998,0.9956080205558694
1854,1.004,0.9956110128941233
1855,1.0059999999999998,0.995613956454398
1856,1.008,0.9956168515679917
1857,1.0099999999999998,0.9956196985911165
1858,1.012,0.9956224978937187
1859,1.0139999999999998,0.9956252498509823
1860,1.016,0.9956279548433292
1861,1.0179999999999998,0.9956306132564186
1862,1.02,0.9956332254811473
1863,1.0219999999999998,0.9956357919136503
1864,1.024,0.9956383129552994
1865,1.0259999999999998,0.9956407890127047
1866,1.028,0.9956432204977136
1867,1.0299999999999998,0.9956456078274113
1868,1.032,0.9956479514241205
1869,1.0339999999999998,0.9956502517154016
1870,1.036,0.9956525091340526
1871,1.0379999999999998,0.9956547241181091
1872,1.04,0.9956568971108444
1873,1.0419999999999998,0.9956590285607694
1874,1.044,0.9956611189216327
1875,1.0459999999999998,0.9956631686524203
1876,1.048,0.9956651782173563
1877,1.0499999999999998,0.995667148085902
1878,1.052,0.9956690787327562
1879,1.0539999999999998,0.995670970637856
1880,1.056,0.9956728242863755
1881,1.0579999999999998,0.9956746401687268
1882,1.06,0.9956764187805592
1883,1.0619999999999998,0.9956781606227604
1884,1.064,0.9956798662014548
1885,1.0659999999999998,0.9956815360280051
1886,1.068,0.9956831706190113
1887,1.0699999999999998,0.9956847704963113
1888,1.072,0.9956863361869805
1889,1.0739999999999998,0.9956878682233318
1890,1.076,0.9956893671429158
1891,1.0779999999999998,0.9956908334885208
1892,1.08,0.9956922678081728
1893,1.0819999999999999,0.9956936706551353
1894,1.084,0.9956950425879093
1895,1.0859999999999999,0.9956963841702339
1896,1.088,0.9956976959710854
1897,1.0899999999999999,0.9956989785646777
1898,1.092,0.9957002325304627
1899,1.0939999999999999,0.9957014584531297
1900,1.096,0.9957026569226056
1901,1.0979999999999999,0.995703828534055
1902,1.1,0.9957049738878802
1903,1.1019999999999999,0.995706093589721
1904,1.104,0.9957071882504547
1905,1.1059999999999999,0.9957082584861967
1906,1.108,0.9957093049182996
1907,1.1099999999999999,0.9957103281733538
1908,1.112,0.9957113288831873
1909,1.1139999999999999,0.9957123076848657
1910,1.116,0.9957132652206925
1911,1.1179999999999999,0.9957142021382083
1912,1.12,0.9957151190901918
1913,1.1219999999999999,0.9957160167346591
1914,1.124,0.9957168957348641
1915,1.126,0.9957177567592981
1916,1.1280000000000001,0.9957186004816903
1917,1.13,0.9957194275810073
1918,1.1320000000000001,0.9957202387414533
1919,1.134,0.9957210346524705
1920,1.1359999999999997,0.9957218160087384
1921,1.138,0.9957225835101743
1922,1.1399999999999997,0.9957233378619328
1923,1.142,0.9957240797744066
1924,1.1439999999999997,0.9957248099632257
1925,1.146,0.9957255291492579
1926,1.1479999999999997,0.9957262380586086
1927,1.15,0.9957269374226208
1928,1.1519999999999997,0.995727627977875
1929,1.154,0.9957283104661897
1930,1.1559999999999997,0.9957289856346206
1931,1.158,0.9957296542354613
1932,1.1599999999999997,0.9957303170262432
1933,1.162,0.9957309747697346
1934,1.1639999999999997,0.9957316281606376
1935,1.166,0.9957322745912855
1936,1.1679999999999997,0.995732912398138
1937,1.17,0.9957335415296181
1938,1.1719999999999997,0.9957341619378395
1939,1.174,0.9957347735786056
1940,1.1759999999999997,0.9957353764114103
1941,1.178,0.9957359703994374
1942,1.1799999999999997,0.995736555509561
1943,1.182,0.9957371317123452
1944,1.1839999999999997,0.9957376989820446
1945,1.186,0.9957382572966034
1946,1.1879999999999997,0.9957388066376565
1947,1.19,0.9957393469905286
1948,1.1919999999999997,0.9957398783442346
1949,1.194,0.9957404006914797
1950,1.1959999999999997,0.9957409140286593
1951,1.198,0.9957414183558585
1952,1.1999999999999997,0.9957419136768532
1953,1.202,0.9957423999991089
1954,1.2039999999999997,0.9957428773337814
1955,1.206,0.995743345695717
1956,1.2079999999999997,0.9957438051034516
1957,1.21,0.9957442555792119
1958,1.2119999999999997,0.9957446971489139
1959,1.214,0.9957451298421646
1960,1.2159999999999997,0.9957455536922606
1961,1.218,0.9957459687361888
1962,1.2199999999999998,0.9957463750146265
1963,1.222,0.9957467725719407
1964,1.2239999999999998,0.9957471614561889
1965,1.226,0.9957475417191187
1966,1.2279999999999998,0.9957479134161676
1967,1.23,0.9957482766064637
1968,1.2319999999999998,0.9957486313528249
1969,1.234,0.9957489777217592
1970,1.2359999999999998,0.9957493157834649
1971,1.238,0.9957496456118308
1972,1.2399999999999998,0.9957499672844351
1973,1.242,0.9957502808825467
1974,1.2439999999999998,0.9957505864911246
1975,1.246,0.9957508841988177
1976,1.2479999999999998,0.9957511740979653
1977,1.25,0.9957514562845968
1978,1.2519999999999998,0.9957517308584316
1979,1.254,0.9957519979228795
1980,1.2559999999999998,0.9957522575850402
1981,1.258,0.9957525099557036
1982,1.2599999999999998,0.9957527551493499
1983,1.262,0.9957529932841496
1984,1.2639999999999998,0.9957532244819627
1985,1.266,0.99575344886834
1986,1.2679999999999998,0.9957536665725224
1987,1.27,0.9957538777274404
1988,1.2719999999999998,0.9957540824697153
1989,1.274,0.9957542809396581
1990,1.2759999999999998,0.9957544732812703
1991,1.278,0.9957546596422434
1992,1.2799999999999998,0.9957548401739588
1993,1.282,0.9957550150314886
1994,1.2839999999999998,0.9957551843735943
1995,1.286,0.9957553483627285
1996,1.2879999999999998,0.9957555071650331
1997,1.29,0.9957556609503406
1998,1.2919999999999998,0.9957558098921736
1999,1.294,0.9957559541677448
2000,1.2959999999999998,0.9957560939579568
2001,1.2979999999999996,0.9957562294474029
2002,1.3000000000000003,0.9957563608243661
2003,1.302,0.9957564882808199
2004,1.3039999999999998,0.9957566120124274
2005,1.3059999999999996,0.9957567322185426
2006,1.3080000000000003,0.9957568491022089
2007,1.31,0.9957569628701604
2008,1.3119999999999998,0.9957570737328212
2009,1.3139999999999996,0.9957571819043054
2010,1.3160000000000003,0.9957572876024174
2011,1.318,0.9957573910486519
2012,1.3199999999999998,0.9957574924681932
2013,1.3219999999999996,0.9957575920899164
2014,1.3240000000000003,0.9957576901463865
2015,1.326,0.9957577868738584
2016,1.3279999999999998,0.9957578825122776
2017,1.3299999999999996,0.9957579773052794
2018,1.3320000000000003,0.9957580715001894
2019,1.334,0.9957581653480233
2020,1.3359999999999999,0.995758259103487
2021,1.3379999999999996,0.9957583530249766
2022,1.3400000000000003,0.9957584473745782
2023,1.342,0.9957585424180682
2024,1.3439999999999999,0.9957586384249131
2025,1.3459999999999996,0.9957587356682694
2026,1.3480000000000003,0.9957588344249841
2027,1.35,0.995758934975594
2028,1.3519999999999999,0.9957590376043263
2029,1.3539999999999996,0.995759142599098
2030,1.3560000000000003,0.9957592502515169
2031,1.358,0.9957593607665769
2032,1.3599999999999999,0.9957594717944099
2033,1.3619999999999997,0.9957595821501681
2034,1.3640000000000003,0.995759691785476
2035,1.366,0.9957598006531504
2036,1.3679999999999999,0.9957599087072017
2037,1.3699999999999997,0.9957600159028327
2038,1.3720000000000003,0.9957601221964396
2039,1.374,0.9957602275456112
2040,1.376,0.9957603319091295
2041,1.3779999999999997,0.9957604352469693
2042,1.3800000000000003,0.9957605375202985
2043,1.3820000000000001,0.9957606386914777
2044,1.384,0.9957607387240605
2045,1.3859999999999997,0.9957608375827937
2046,1.3880000000000003,0.9957609352336168
2047,1.3900000000000001,0.9957610316436623
2048,1.392,0.9957611267812557
2049,1.3939999999999997,0.9957612206159154
2050,1.3959999999999995,0.9957613131183528
2051,1.3980000000000001,0.9957614042604721
2052,1.4,0.9957614940153707
2053,1.4019999999999997,0.9957615823573387
2054,1.4039999999999995,0.9957616692618593
2055,1.4060000000000001,0.9957617547056085
2056,1.408,0.9957618386664554
2057,1.4099999999999997,0.995761921123462
2058,1.4119999999999995,0.9957620020568831
2059,1.4140000000000001,0.9957620814481669
2060,1.416,0.9957621592799538
2061,1.4179999999999997,0.995762235536078
2062,1.4199999999999995,0.9957623102015659
2063,1.4220000000000002,0.9957623832626372
2064,1.424,0.9957624547067047
2065,1.4259999999999997,0.9957625245223738
2066,1.4279999999999995,0.995762592699443
2067,1.4300000000000002,0.995762659228904
2068,1.432,0.9957627241029408
2069,1.4339999999999997,0.995762787314931
2070,1.4359999999999995,0.9957628488594447
2071,1.4380000000000002,0.9957629087322454
2072,1.44,0.9957629669302891
2073,1.4419999999999997,0.995763023451725
2074,1.4439999999999995,0.9957630782958952
2075,1.4460000000000002,0.9957631314633346
2076,1.448,0.9957631829557713
2077,1.4499999999999997,0.9957632327761261
2078,1.4519999999999995,0.9957632809285131
2079,1.4540000000000002,0.9957633274182388
2080,1.456,0.9957633722518031
2081,1.4579999999999997,0.9957634154368987
2082,1.4599999999999995,0.9957634569824113
2083,1.4620000000000002,0.9957634968984195
2084,1.464,0.9957635351961948
2085,1.4659999999999997,0.9957635718882015
2086,1.4679999999999995,0.9957636069880974
2087,1.4700000000000002,0.9957636405107326
2088,1.472,0.9957636724721506
2089,1.4739999999999998,0.9957637028895876
2090,1.4759999999999995,0.9957637317814728
2091,1.4780000000000002,0.9957637591674284
2092,1.48,0.9957637850682695
2093,1.4819999999999998,0.9957638095060042
2094,1.4839999999999995,0.9957638325038335
2095,1.4860000000000002,0.9957638540861513
2096,1.488,0.9957638742785445
2097,1.4899999999999998,0.9957638931077931
2098,1.4919999999999995,0.9957639106018698
2099,1.4940000000000002,0.9957639267899402
2100,1.496,0.9957639417023632
2101,1.4979999999999998,0.9957639553706903
2102,1.4999999999999996,0.9957639678276662
2103,1.5020000000000002,0.9957639791072284
2104,1.504,0.9957639892445072
2105,1.5059999999999998,0.9957639982758262
2106,1.5079999999999996,0.9957640062387018
2107,1.5100000000000002,0.9957640131718432
2108,1.512,0.9957640191151526
2109,1.5139999999999998,0.9957640241097254
2110,1.5159999999999996,0.9957640281978496
2111,1.5180000000000002,0.9957640314230065
2112,1.52,0.9957640338298699
2113,1.5219999999999998,0.9957640354643069
2114,1.5239999999999996,0.9957640363733775
2115,1.5260000000000002,0.9957640366053345
2116,1.528,0.9957640362096238
2117,1.5299999999999998,0.9957640352368842
2118,1.5319999999999996,0.9957640337389472
2119,1.5340000000000003,0.9957640317688378
2120,1.536,0.9957640293807734
2121,1.5379999999999998,0.9957640266301646
2122,1.5399999999999996,0.995764023573615
2123,1.5420000000000003,0.995764020268921
2124,1.544,0.995764016775072
2125,1.5459999999999998,0.9957640131522504
2126,1.5479999999999996,0.9957640094618314
2127,1.5500000000000003,0.9957640057663834
2128,1.552,0.9957640021296674
2129,1.5539999999999998,0.9957639986166378
2130,1.5559999999999996,0.9957639952934414
2131,1.5580000000000003,0.9957639922274184
2132,1.56,0.9957639894871017
2133,1.5619999999999998,0.9957639871422173
2134,1.5639999999999996,0.995763985263684
2135,1.5660000000000003,0.9957639839236138
2136,1.568,0.9957639831953111
2137,1.5699999999999998,0.995763983153274
2138,1.5719999999999996,0.995763983873193
2139,1.5740000000000003,0.9957639854319515
2140,1.576,0.9957639879076265
2141,1.5779999999999998,0.9957639913794871
2142,1.5799999999999996,0.995763995927996
2143,1.5820000000000003,0.9957640016348084
2144,1.584,0.9957640085827728
2145,1.5859999999999999,0.9957640168559303
2146,1.5879999999999996,0.9957640265395153
2147,1.5900000000000003,0.9957640377199549
2148,1.592,0.9957640504848693
2149,1.5939999999999999,0.9957640649230715
2150,1.5959999999999996,0.9957640811245675
2151,1.5980000000000003,0.9957640990928965
2152,1.6,0.9957641174124858
2153,1.6019999999999999,0.9957641355587084
2154,1.6039999999999996,0.9957641535301175
2155,1.6060000000000003,0.9957641713253088
2156,1.608,0.9957641889429207
2157,1.6099999999999999,0.9957642063816343
2158,1.6119999999999997,0.995764223640173
2159,1.6140000000000003,0.9957642407173033
2160,1.616,0.995764257611834
2161,1.6179999999999999,0.9957642743226163
2162,1.6199999999999997,0.9957642908485446
2163,1.6220000000000003,0.9957643071885555
2164,1.624,0.9957643233416282
2165,1.626,0.9957643393067849
2166,1.6279999999999997,0.99576435508309
2167,1.6300000000000003,0.9957643706696508
2168,1.6320000000000001,0.9957643860656171
2169,1.634,0.9957644012701813
2170,1.6359999999999997,0.9957644162825784
2171,1.6380000000000003,0.995764431102086
2172,1.6400000000000001,0.9957644457280246
2173,1.642,0.9957644601597571
2174,1.6439999999999997,0.9957644743966888
2175,1.6460000000000004,0.9957644884382679
2176,1.6480000000000001,0.9957645022839855
2177,1.65,0.9957645159333746
2178,1.6519999999999997,0.9957645293860113
2179,1.6539999999999995,0.9957645426415143
2180,1.6560000000000001,0.9957645556995448
2181,1.658,0.9957645685598068
2182,1.6599999999999997,0.9957645812220465
2183,1.6619999999999995,0.9957645936860533
2184,1.6640000000000001,0.9957646059516587
2185,1.666,0.9957646180187372
2186,1.6679999999999997,0.9957646298872056
2187,1.6699999999999995,0.9957646415570237
2188,1.6720000000000002,0.9957646530281935
2189,1.674,0.9957646643007599
2190,1.6759999999999997,0.9957646753748105
2191,1.6779999999999995,0.9957646862504751
2192,1.6800000000000002,0.9957646969279265
2193,1.682,0.9957647074073799
2194,1.6839999999999997,0.9957647176890934
2195,1.6859999999999995,0.9957647277733674
2196,1.6880000000000002,0.9957647376605452
2197,1.69,0.9957647473510124
2198,1.6919999999999997,0.9957647568451975
2199,1.6939999999999995,0.9957647661435715
2200,1.6960000000000002,0.9957647752466481
2201,1.698,0.9957647841549834
2202,1.6999999999999997,0.9957647928691764
2203,1.7019999999999995,0.9957648013898686
2204,1.7040000000000002,0.9957648097177441
2205,1.706,0.9957648178535295
2206,1.7079999999999997,0.9957648257979943
2207,1.7099999999999995,0.9957648335519506
2208,1.7120000000000002,0.9957648411162526
2209,1.714,0.9957648484917979
2210,1.7159999999999997,0.9957648556795262
2211,1.7179999999999995,0.99576486268042
2212,1.7200000000000002,0.9957648694955041
2213,1.722,0.9957648761258465
2214,1.7239999999999998,0.9957648825725575
2215,1.7259999999999995,0.9957648888367898
2216,1.7280000000000002,0.9957648949197392
2217,1.73,0.9957649008226438
2218,1.7319999999999998,0.9957649065467843
2219,1.7339999999999995,0.9957649120934841
2220,1.7360000000000002,0.9957649174641093
2221,1.738,0.9957649226600687
2222,1.7399999999999998,0.9957649276828132
2223,1.7419999999999995,0.995764932533837
2224,1.7440000000000002,0.9957649372146764
2225,1.746,0.9957649417269108
2226,1.7479999999999998,0.9957649460721616
2227,1.7499999999999996,0.9957649502520934
2228,1.7520000000000002,0.9957649542684132
2229,1.754,0.9957649581228705
2230,1.7559999999999998,0.9957649618172575
2231,1.7579999999999996,0.9957649653534091
2232,1.7600000000000002,0.9957649687332029
2233,1.762,0.9957649719585586
2234,1.7639999999999998,0.9957649750314393
2235,1.7659999999999996,0.9957649779538502
2236,1.7680000000000002,0.9957649807278391
2237,1.77,0.9957649833554968
2238,1.7719999999999998,0.9957649858389562
2239,1.7739999999999996,0.9957649881803934
2240,1.7760000000000002,0.9957649903820266
2241,1.778,0.9957649924461169
2242,1.7799999999999998,0.995764994374968
2243,1.7819999999999996,0.9957649961709262
2244,1.7840000000000003,0.9957649978363803
2245,1.786,0.9957649993737618
2246,1.7879999999999998,0.995765000785545
2247,1.7899999999999996,0.9957650020742466
2248,1.7920000000000003,0.9957650032424258
2249,1.794,0.9957650042926849
2250,1.7959999999999998,0.9957650052276682
2251,1.7979999999999996,0.9957650060500631
2252,1.8000000000000003,0.9957650067625996
2253,1.802,0.99576500736805
2254,1.8039999999999998,0.9957650078692293
2255,1.8059999999999996,0.9957650082689953
2256,1.8080000000000003,0.9957650085702484
2257,1.81,0.9957650087759315
2258,1.8119999999999998,0.9957650088890303
2259,1.8139999999999996,0.9957650089125727
2260,1.8160000000000003,0.9957650088496298
2261,1.818,0.9957650087033149
2262,1.8199999999999998,0.9957650084767841
2263,1.8219999999999996,0.995765008173236
2264,1.8240000000000003,0.9957650077959119
2265,1.826,0.9957650073480958
2266,1.8279999999999998,0.9957650068331141
2267,1.8299999999999996,0.9957650062543361
2268,1.8320000000000003,0.9957650056151734
2269,1.834,0.9957650049190806
2270,1.8359999999999999,0.9957650041695545
2271,1.8379999999999996,0.9957650033701348
2272,1.8400000000000003,0.9957650025244038
2273,1.842,0.9957650016359862
2274,1.8439999999999999,0.9957650007085498
2275,1.8459999999999996,0.9957649997458043
2276,1.8480000000000003,0.9957649987515028
2277,1.85,0.9957649977294405
2278,1.8519999999999999,0.9957649966834552
2279,1.8539999999999996,0.9957649956174277
2280,1.8560000000000003,0.9957649945352811
2281,1.858,0.9957649934409813
2282,1.8599999999999999,0.9957649923385368
2283,1.8619999999999997,0.9957649912319984
2284,1.8640000000000003,0.9957649901254599
2285,1.866,0.9957649890230578
2286,1.8679999999999999,0.9957649879289708
2287,1.8699999999999997,0.9957649868474204
2288,1.8720000000000003,0.995764985782671
2289,1.874,0.9957649847390292
2290,1.876,0.9957649837208444
2291,1.8779999999999997,0.9957649827325088
2292,1.8800000000000003,0.9957649817784567
2293,1.8820000000000001,0.9957649808631657
2294,1.884,0.9957649799911555
2295,1.8859999999999997,0.9957649791669886
2296,1.8880000000000003,0.9957649783952702
2297,1.8900000000000001,0.9957649776806479
2298,1.892,0.9957649770278122
2299,1.8939999999999997,0.995764976441496
2300,1.8960000000000004,0.9957649759264748
2301,1.8980000000000001,0.995764975487567
2302,1.9,0.9957649751296335
2303,1.9019999999999997,0.9957649747808351
2304,1.9040000000000004,0.9957649741752894
2305,1.9060000000000001,0.995764973307504
2306,1.908,0.9957649721970676
2307,1.9099999999999997,0.9957649708631529
2308,1.9119999999999995,0.995764969324517
2309,1.9140000000000001,0.995764967599501
2310,1.916,0.9957649657060301
2311,1.9179999999999997,0.9957649636616142
2312,1.9199999999999995,0.9957649614833465
2313,1.9220000000000002,0.995764959187905
2314,1.924,0.9957649567915515
2315,1.9259999999999997,0.9957649543101325
2316,1.9279999999999995,0.9957649517590779
2317,1.9300000000000002,0.9957649491534023
2318,1.932,0.9957649465077043
2319,1.9339999999999997,0.9957649438361666
2320,1.9359999999999995,0.9957649411525563
2321,1.9380000000000002,0.9957649384702243
2322,1.94,0.9957649358021059
2323,1.9419999999999997,0.9957649331607206
2324,1.9439999999999995,0.9957649305581718
2325,1.9460000000000002,0.9957649280061474
2326,1.948,0.9957649255159192
2327,1.9499999999999997,0.9957649230983433
2328,1.9519999999999995,0.9957649207638598
2329,1.9540000000000002,0.9957649185224932
2330,1.956,0.995764916383852
2331,1.9579999999999997,0.9957649143571288
2332,1.9599999999999995,0.9957649124511005
2333,1.9620000000000002,0.9957649106741283
2334,1.964,0.9957649090341572
2335,1.9659999999999997,0.9957649075387165
2336,1.9679999999999995,0.9957649061949199
2337,1.9700000000000002,0.9957649050094647
2338,1.972,0.995764903988633
2339,1.9739999999999998,0.9957649031382908
2340,1.9759999999999995,0.9957649024638882
2341,1.9780000000000002,0.9957649019704593
2342,1.98,0.9957649016626228
2343,1.9819999999999998,0.9957649015445812
2344,1.9839999999999995,0.9957649016201213
2345,1.9860000000000002,0.9957649018926141
2346,1.988,0.9957649023650147
2347,1.9899999999999998,0.9957649030398623
2348,1.9919999999999995,0.9957649039192804
2349,1.9940000000000002,0.9957649050049765
2350,1.996,0.9957649062982424
2351,1.9979999999999998,0.995764907799954
2352,1.9999999999999996,0.9957649095105713
2353,2.0020000000000002,0.9957649114301387
2354,2.004,0.9957649135582844
2355,2.006,0.9957649158942211
2356,2.0079999999999996,0.9957649184367454
2357,2.0100000000000002,0.9957649211842382
2358,2.012,0.9957649241346647
2359,2.014,0.9957649272855738
2360,2.0159999999999996,0.995764930634099
2361,2.0180000000000002,0.9957649341769578
2362,2.02,0.9957649379104518
2363,2.022,0.995764941830467
2364,2.0239999999999996,0.9957649459324734
2365,2.0260000000000002,0.995764950211525
2366,2.028,0.9957649546622602
2367,2.03,0.9957649592789014
2368,2.0319999999999996,0.9957649640552554
2369,2.0340000000000003,0.9957649689847128
2370,2.036,0.9957649740602488
2371,2.038,0.9957649792744222
2372,2.0399999999999996,0.9957649846193766
2373,2.0420000000000003,0.9957649900868393
2374,2.044,0.9957649956681218
2375,2.046,0.99576500135412
2376,2.0479999999999996,0.9957650071353139
2377,2.0500000000000003,0.9957650130017673
2378,2.052,0.9957650189431289
2379,2.054,0.9957650249486306
2380,2.0559999999999996,0.9957650310070892
2381,2.0580000000000003,0.9957650371069056
2382,2.06,0.9957650432360643
2383,2.062,0.9957650493821347
2384,2.0639999999999996,0.9957650555322698
2385,2.0660000000000003,0.9957650616732071
2386,2.068,0.9957650677912679
2387,2.07,0.9957650738723582
2388,2.0719999999999996,0.9957650799019678
2389,2.0740000000000003,0.9957650858651705
2390,2.076,0.9957650917466246
2391,2.078,0.9957650975305725
2392,2.0799999999999996,0.9957651032008406
2393,2.0820000000000003,0.9957651087408396
2394,2.084,0.9957651141335643
2395,2.086,0.9957651193615936
2396,2.0879999999999996,0.9957651244070908
2397,2.0900000000000003,0.9957651292518029
2398,2.092,0.9957651338770618
2399,2.094,0.9957651382637828
2400,2.0959999999999996,0.9957651423924658
2401,2.0980000000000003,0.9957651462431947
2402,2.1,0.9957651497956376
2403,2.102,0.9957651530290467
2404,2.1039999999999996,0.9957651559222586
2405,2.1060000000000003,0.9957651584536937
2406,2.108,0.9957651606013569
2407,2.11,0.995765162342837
2408,2.1119999999999997,0.995765163655307
2409,2.1140000000000003,0.9957651645155242
2410,2.116,0.9957651648998301
2411,2.118,0.9957651647841501
2412,2.1199999999999997,0.995765164143994
2413,2.1220000000000003,0.9957651629544556
2414,2.124,0.995765161190213
