,luminance
0,0
1,0
2,0
3,0
4,0
5,0
6,0
7,0
8,0
9,0
10,0
11,0
12,0
13,0
14,0
15,0
16,0
17,0
18,0
19,0
20,0
21,0
22,0
23,0
24,0
25,0
26,0
27,0
28,0
29,0
30,0
31,0
32,0
33,0
34,0
35,0
36,0
37,0
38,0
39,0
40,0
41,0
42,0
43,0
44,0
45,0
46,0
47,0
48,0
49,0
50,0
51,0
52,0
53,0
54,0
55,0
56,0
57,0
58,0
59,0
60,0
61,0
62,0
63,0
64,0
65,0
66,0
67,0
68,0
69,0
70,0
71,0
72,0
73,0
74,0
75,0
76,0
77,0
78,0
79,0
80,0
81,0
82,0
83,0
84,0
85,0
86,0
87,0
88,0
89,0
90,0
91,0
92,0
93,0
94,0
95,0
96,0
97,0
98,0
99,0
100,255
101,255
102,255
103,255
104,255
105,255
106,255
107,255
108,255
109,255
110,255
111,255
112,255
113,255
114,255
115,255
116,255
117,255
118,255
119,255
120,255
121,255
122,255
123,255
124,255
125,255
126,255
127,255
128,255
129,255
130,255
131,255
132,255
133,255
134,255
135,255
136,255
137,255
138,255
139,255
140,255
141,255
142,255
143,255
144,255
145,255
146,255
147,255
148,255
149,255
150,255
151,255
152,255
153,255
154,255
155,255
156,255
157,255
158,255
159,255
160,255
161,255
162,255
163,255
164,255
165,255
166,255
167,255
168,255
169,255
170,255
171,255
172,255
173,255
174,255
175,255
176,255
177,255
178,255
179,255
180,255
181,255
182,255
183,255
184,255
185,255
186,255
187,255
188,255
189,255
190,255
191,255
192,255
193,255
194,255
195,255
196,255
197,255
198,255
199,255
200,255
201,255
202,255
203,255
204,255
205,255
206,255
207,255
208,255
209,255
210,255
211,255
212,255
213,255
214,255
215,255
216,255
217,255
218,255
219,255
220,255
221,255
222,255
223,255
224,255
225,255
226,255
227,255
228,255
229,255
230,255
231,255
232,255
233,255
234,255
235,255
236,255
237,255
238,255
239,255
240,255
241,255
242,255
243,255
244,255
245,255
246,255
247,255
248,255
249,255
250,0
251,0
252,0
253,0
254,0
255,0
256,0
257,0
258,0
259,0
260,0
261,0
262,0
263,0
264,0
265,0
266,0
267,0
268,0
269,0
270,0
271,0
272,0
273,0
274,0
275,0
276,0
277,0
278,0
279,0
280,0
281,0
282,0
283,0
284,0
285,0
286,0
287,0
288,0
289,0
290,0
291,0
292,0
293,0
294,0
295,0
296,0
297,0
298,0
299,0
300,0
301,0
302,0
303,0
304,0
305,0
306,0
307,0
308,0
309,0
310,0
311,0
312,0
313,0
314,0
315,0
316,0
317,0
318,0
319,0
320,0
321,0
322,0
323,0
324,0
325,0
326,0
327,0
328,0
329,0
330,0
331,0
332,0
333,0
334,0
335,0
336,0
337,0
338,0
339,0
340,0
341,0
342,0
343,0
344,0
345,0
346,0
347,0
348,0
349,0
350,0
351,0
352,0
353,0
354,0
355,0
356,0
357,0
358,0
359,0
360,0
361,0
362,0
363,0
364,0
365,0
366,0
367,0
368,0
369,0
370,0
371,0
372,0
373,0
374,0
375,0
376,0
377,0
378,0
379,0
380,0
381,0
382,0
383,0
384,0
385,0
386,0
387,0
388,0
389,0
390,0
391,0
392,0
393,0
394,0
395,0
396,0
397,0
398,0
399,0
400,128
401,128
402,128
403,128
404,128
405,128
406,128
407,128
408,128
409,128
410,128
411,128
412,128
413,128
414,128
415,128
416,128
417,128
418,128
419,128
420,128
421,128
422,128
423,128
424,128
425,128
426,128
427,128
428,128
429,128
430,128
431,128
432,128
433,128
434,128
435,128
436,128
437,128
438,128
439,128
440,128
441,128
442,128
443,128
444,128
445,128
446,128
447,128
448,128
449,128
450,128
451,128
452,128
453,128
454,128
455,128
456,128
457,128
458,128
459,128
460,128
461,128
462,128
463,128
464,128
465,128
466,128
467,128
468,128
469,128
470,128
471,128
472,128
473,128
474,128
475,128
476,128
477,128
478,128
479,128
480,128
481,128
482,128
483,128
484,128
485,128
486,128
487,128
488,128
489,128
490,128
491,128
492,128
493,128
494,128
495,128
496,128
497,128
498,128
499,128
500,128
501,128
502,128
503,129
504,130
505,132
506,133
507,135
508,138
509,141
510,144
511,147
512,151
513,154
514,159
515,163
516,168
517,173
518,178
519,184
520,189
521,195
522,201
523,206
524,212
525,218
526,224
527,229
528,234
529,239
530,243
531,247
532,250
533,253
534,255
535,255
536,255
537,254
538,252
539,248
540,243
541,237
542,230
543,221
544,211
545,199
546,187
547,173
548,159
549,143
550,128
551,111
552,95
553,79
554,64
555,49
556,36
557,24
558,14
559,7
560,2
561,0
562,0
563,4
564,11
565,22
566,35
567,51
568,69
569,90
570,111
571,134
572,157
573,179
574,200
575,218
576,233
577,245
578,253
579,255
580,253
581,246
582,233
583,216
584,195
585,171
586,144
587,116
588,89
589,63
590,40
591,21
592,8
593,1
594,0
595,7
596,21
597,41
598,66
599,96
600,127
601,159
602,190
603,216
604,237
605,250
606,255
607,252
608,239
609,217
610,189
611,156
612,120
613,85
614,53
615,26
616,8
617,0
618,3
619,16
620,40
621,72
622,109
623,148
624,186
625,218
626,242
627,254
628,254
629,240
630,215
631,180
632,140
633,97
634,58
635,26
636,6
637,0
638,8
639,31
640,66
641,108
642,154
643,196
644,230
645,250
646,255
647,243
648,215
649,174
650,128
651,80
652,39
653,11
654,0
655,7
656,33
657,73
658,122
659,172
660,215
661,245
662,255
663,245
664,216
665,171
666,118
667,67
668,26
669,3
670,2
671,23
672,64
673,116
674,171
675,218
676,248
677,255
678,237
679,197
680,144
681,86
682,37
683,6
684,1
685,22
686,65
687,123
688,181
689,228
690,253
691,250
692,219
693,167
694,106
695,49
696,11
697,0
698,20
699,66
700,127
701,189
702,236
703,255
704,242
705,199
706,138
707,73
708,23
709,0
710,12
711,55
712,118
713,185
714,235
715,255
716,239
717,191
718,124
719,57
720,12
721,0
722,27
723,85
724,156
725,218
726,252
727,248
728,205
729,137
730,66
731,14
732,0
733,28
734,89
735,163
736,226
737,255
738,240
739,186
740,111
741,42
742,3
743,8
744,57
745,132
746,205
747,250
748,249
749,203
750,127
751,52
752,6
753,6
754,54
755,132
756,207
757,251
758,246
759,192
760,111
761,37
762,1
763,17
764,80
765,163
766,232
767,255
768,224
769,150
770,66
771,9
772,5
773,56
774,140
775,218
776,255
777,233
778,162
779,74
780,12
781,4
782,55
783,142
784,221
785,255
786,227
787,148
788,60
789,5
790,12
791,78
792,169
793,240
794,252
795,199
796,109
797,28
798,0
799,40
800,127
801,215
802,255
803,225
804,141
805,49
806,1
807,24
808,106
809,200
810,253
811,234
812,152
813,56
814,2
815,22
816,104
817,201
818,254
819,230
820,144
821,47
822,0
823,32
824,124
825,218
826,255
827,212
828,114
829,25
830,2
831,60
832,163
833,243
834,246
835,171
836,66
837,3
838,23
839,115
840,215
841,255
842,207
843,104
844,16
845,7
846,83
847,190
848,253
849,226
850,128
851,29
852,2
853,67
854,177
855,250
856,232
857,136
858,33
859,1
860,66
861,178
862,251
863,229
864,128
865,26
866,4
867,79
868,193
869,255
870,215
871,105
872,13
873,14
874,108
875,218
876,254
877,185
878,68
879,1
880,40
881,153
882,245
883,237
884,135
885,26
886,6
887,91
888,208
889,255
890,189
891,69
892,0
893,46
894,165
895,250
896,224
897,110
898,11
899,20
900,128
901,128
902,128
903,128
904,128
905,128
906,128
907,128
908,128
909,128
910,128
911,128
912,128
913,128
914,128
915,128
916,128
917,128
918,128
919,128
920,128
921,128
922,128
923,128
924,128
925,128
926,128
927,128
928,128
929,128
930,128
931,128
932,128
933,128
934,128
935,128
936,128
937,128
938,128
939,128
940,128
941,128
942,128
943,128
944,128
945,128
946,128
947,128
948,128
949,128
950,128
951,128
952,128
953,128
954,128
955,128
956,128
957,128
958,128
959,128
960,128
961,128
962,128
963,128
964,128
965,128
966,128
967,128
968,128
969,128
970,128
971,128
972,128
973,128
974,128
975,128
976,128
977,128
978,128
979,128
980,128
981,128
982,128
983,128
984,128
985,128
986,128
987,128
988,128
989,128
990,128
991,128
992,128
993,128
994,128
995,128
996,128
997,128
998,128
999,128
1000,128
1001,128
1002,128
1003,128
1004,129
1005,129
1006,129
1007,130
1008,130
1009,130
1010,129
1011,129
1012,128
1013,127
1014,126
1015,125
1016,124
1017,123
1018,122
1019,121
1020,121
1021,122
1022,123
1023,124
1024,126
1025,128
1026,130
1027,132
1028,134
1029,135
1030,137
1031,137
1032,138
1033,137
1034,136
1035,134
1036,132
1037,129
1038,126
1039,123
1040,120
1041,117
1042,115
1043,114
1044,113
1045,114
1046,115
1047,117
1048,120
1049,124
1050,127
1051,132
1052,136
1053,139
1054,142
1055,144
1056,145
1057,145
1058,144
1059,142
1060,139
1061,135
1062,130
1063,125
1064,120
1065,115
1066,111
1067,108
1068,106
1069,105
1070,106
1071,108
1072,112
1073,116
1074,122
1075,127
1076,134
1077,139
1078,145
1079,149
1080,152
1081,153
1082,153
1083,152
1084,148
1085,143
1086,138
1087,131
1088,124
1089,117
1090,111
1091,105
1092,101
1093,98
1094,97
1095,99
1096,102
1097,106
1098,112
1099,120
1100,127
1101,136
1102,143
1103,150
1104,156
1105,159
1106,161
1107,161
1108,159
1109,154
1110,148
1111,141
1112,132
1113,123
1114,114
1115,106
1116,99
1117,94
1118,90
1119,89
1120,91
1121,95
1122,101
1123,109
1124,118
1125,127
1126,138
1127,147
1128,156
1129,162
1130,167
1131,169
1132,169
1133,166
1134,161
1135,153
1136,144
1137,133
1138,122
1139,111
1140,101
1141,93
1142,86
1143,83
1144,82
1145,83
1146,88
1147,95
1148,105
1149,116
1150,127
1151,140
1152,151
1153,161
1154,169
1155,175
1156,177
1157,177
1158,173
1159,167
1160,158
1161,146
1162,134
1163,121
1164,108
1165,96
1166,87
1167,79
1168,75
1169,74
1170,76
1171,81
1172,90
1173,101
1174,114
1175,127
1176,142
1177,155
1178,166
1179,176
1180,182
1181,185
1182,185
1183,180
1184,173
1185,162
1186,149
1187,135
1188,120
1189,105
1190,92
1191,80
1192,72
1193,67
1194,66
1195,68
1196,75
1197,84
1198,97
1199,112
1200,127
1201,143
1202,159
1203,172
1204,183
1205,190
1206,193
1207,193
1208,188
1209,179
1210,167
1211,152
1212,136
1213,119
1214,102
1215,87
1216,74
1217,65
1218,59
1219,58
1220,61
1221,68
1222,79
1223,93
1224,110
1225,127
1226,145
1227,162
1228,177
1229,189
1230,197
1231,201
1232,200
1233,195
1234,185
1235,172
1236,155
1237,137
1238,118
1239,99
1240,82
1241,68
1242,57
1243,51
1244,50
1245,53
1246,61
1247,73
1248,89
1249,108
1250,127
1251,147
1252,166
1253,183
1254,196
1255,205
1256,209
1257,208
1258,202
1259,191
1260,176
1261,158
1262,138
1263,117
1264,96
1265,78
1266,62
1267,50
1268,43
1269,42
1270,45
1271,54
1272,68
1273,85
1274,106
1275,127
1276,149
1277,170
1278,188
1279,203
1280,213
1281,217
1282,216
1283,209
1284,198
1285,181
1286,161
1287,139
1288,116
1289,93
1290,73
1291,56
1292,43
1293,35
1294,34
1295,38
1296,48
1297,62
1298,82
1299,104
1300,127
1301,151
1302,174
1303,194
1304,210
1305,220
1306,225
1307,224
1308,217
1309,204
1310,186
1311,164
1312,140
1313,115
1314,91
1315,68
1316,50
1317,36
1318,28
1319,26
1320,30
1321,41
1322,57
1323,78
1324,102
1325,128
1326,153
1327,178
1328,199
1329,216
1330,228
1331,233
1332,232
1333,224
1334,210
1335,191
1336,167
1337,141
1338,114
1339,88
1340,64
1341,43
1342,28
1343,20
1344,18
1345,23
1346,34
1347,51
1348,74
1349,100
1350,127
1351,155
1352,182
1353,205
1354,223
1355,236
1356,241
1357,240
1358,231
1359,216
1360,195
1361,170
1362,142
1363,113
1364,85
1365,59
1366,37
1367,21
1368,12
1369,10
1370,15
1371,27
1372,46
1373,70
1374,98
1375,127
1376,157
1377,186
1378,210
1379,230
1380,243
1381,249
1382,248
1383,238
1384,222
1385,200
1386,173
1387,143
1388,112
1389,82
1390,54
1391,31
1392,14
1393,4
1394,2
1395,7
1396,21
1397,41
1398,66
1399,96
1400,128
1401,128
1402,128
1403,128
1404,128
1405,128
1406,128
1407,128
1408,128
1409,128
1410,128
1411,128
1412,128
1413,128
1414,128
1415,128
1416,128
1417,128
1418,128
1419,128
1420,128
1421,128
1422,128
1423,128
1424,128
1425,128
1426,128
1427,128
1428,128
1429,128
1430,128
1431,128
1432,128
1433,128
1434,128
1435,128
1436,128
1437,128
1438,128
1439,128
1440,128
1441,128
1442,128
1443,128
1444,128
1445,128
1446,128
1447,128
1448,128
1449,128
1450,128
1451,128
1452,128
1453,128
1454,128
1455,128
1456,128
1457,128
1458,128
1459,128
1460,128
1461,128
1462,128
1463,128
1464,128
1465,128
1466,128
1467,128
1468,128
1469,128
1470,128
1471,128
1472,128
1473,128
1474,128
1475,128
1476,128
1477,128
1478,128
1479,128
1480,128
1481,128
1482,128
1483,128
1484,128
1485,128
1486,128
1487,128
1488,128
1489,128
1490,128
1491,128
1492,128
1493,128
1494,128
1495,128
1496,128
1497,128
1498,128
1499,128
